productId,productName,brand,amount,unit,price,productCode,rating,raitingCount,stokeStatus,productImgUrl,capsu,capsuleType,productUrl
0,"Lake Avenue Nutrition, 藻類由来DHA、植物性オメガ、200mg、植物性ソフトジェル60粒",Lake Avenue Nutrition,60, 点,978,LKN-01411,4.7,7,instock,https://s3.images-iherb.com/lkn/lkn01411/v/21.jpg,16.3,Softgels,https://jp.iherb.com/pr/Lake-Avenue-Nutrition-DHA-from-Marine-Algae-Vegetarian-Omega-200-mg-60-Veggie-Softgels/97412
0,"California Gold Nutrition, Prenatal DHA for Pregnant & Nursing Mothers, 900 mg Per Serving, 60 Softgels",カリフォルニア ゴールド ニュートリション,60, 点,1957,CGN-01336,3.6,63,instock,https://s3.images-iherb.com/cgn/cgn01336/v/99.jpg,32.61666666666667,Softgels,https://jp.iherb.com/pr/California-Gold-Nutrition-Prenatal-DHA-for-Pregnant-Nursing-Mothers-900-mg-Per-Serving-60-Softgels/88811
0,"Lake Avenue Nutrition, 藻類由来DHA、植物性オメガ、200mg、植物性ソフトジェル60粒",Lake Avenue Nutrition,60, 点,978,LKN-01411,4.7,7,instock,https://s3.images-iherb.com/lkn/lkn01411/v/21.jpg,16.3,Softgels,https://jp.iherb.com/pr/Lake-Avenue-Nutrition-DHA-from-Marine-Algae-Vegetarian-Omega-200-mg-60-Veggie-Softgels/97412
0,"California Gold Nutrition, DHA 700フィッシュオイル、医薬品グレード、1,000mg、魚ゼラチンソフトジェル30粒",カリフォルニア ゴールド ニュートリション,30, 点,870,CGN-01252,4.5,475,instock,https://s3.images-iherb.com/cgn/cgn01252/v/55.jpg,29,Softgels,https://jp.iherb.com/pr/California-Gold-Nutrition-DHA-700-Fish-Oil-Pharmaceutical-Grade-1-000-mg-30-Fish-Gelatin-Softgels/82846
0,"Lake Avenue Nutrition, 藻類由来DHA、植物性オメガ、200mg、植物性ソフトジェル60粒",Lake Avenue Nutrition,60, 点,978,LKN-01411,4.7,7,instock,https://s3.images-iherb.com/lkn/lkn01411/v/21.jpg,16.3,Softgels,https://jp.iherb.com/pr/Lake-Avenue-Nutrition-DHA-from-Marine-Algae-Vegetarian-Omega-200-mg-60-Veggie-Softgels/97412
0,"California Gold Nutrition, DHA 700フィッシュオイル、医薬品グレード、1,000mg、魚ゼラチンソフトジェル30粒",カリフォルニア ゴールド ニュートリション,30, 点,870,CGN-01252,4.5,475,instock,https://s3.images-iherb.com/cgn/cgn01252/v/55.jpg,29,Softgels,https://jp.iherb.com/pr/California-Gold-Nutrition-DHA-700-Fish-Oil-Pharmaceutical-Grade-1-000-mg-30-Fish-Gelatin-Softgels/82846
0,"Lake Avenue Nutrition, 藻類由来DHA、植物性オメガ、200mg、植物性ソフトジェル60粒",Lake Avenue Nutrition,60, 点,978,LKN-01411,4.7,7,instock,https://s3.images-iherb.com/lkn/lkn01411/v/21.jpg,16.3,Softgels,https://jp.iherb.com/pr/Lake-Avenue-Nutrition-DHA-from-Marine-Algae-Vegetarian-Omega-200-mg-60-Veggie-Softgels/97412
0,"California Gold Nutrition, Prenatal DHA for Pregnant & Nursing Mothers, 900 mg Per Serving, 60 Softgels",カリフォルニア ゴールド ニュートリション,60, 点,1957,CGN-01336,3.6,63,instock,https://s3.images-iherb.com/cgn/cgn01336/v/99.jpg,32.61666666666667,Softgels,https://jp.iherb.com/pr/California-Gold-Nutrition-Prenatal-DHA-for-Pregnant-Nursing-Mothers-900-mg-Per-Serving-60-Softgels/88811
0,"California Gold Nutrition, DHA 700フィッシュオイル、医薬品グレード、1,000mg、魚ゼラチンソフトジェル30粒",カリフォルニア ゴールド ニュートリション,30, 点,870,CGN-01252,4.5,475,instock,https://s3.images-iherb.com/cgn/cgn01252/v/55.jpg,29,Softgels,https://jp.iherb.com/pr/California-Gold-Nutrition-DHA-700-Fish-Oil-Pharmaceutical-Grade-1-000-mg-30-Fish-Gelatin-Softgels/82846
0,"Oslomega, Norwegian Baby’s DHA with Vitamin D3, 2 fl oz (60 ml)",Oslomega,2, 液量オンス,1631,OSL-01392,4,47,instock,https://s3.images-iherb.com/osl/osl01392/v/2.jpg,815.5,Not Found,https://jp.iherb.com/pr/Oslomega-Norwegian-Baby-s-DHA-with-Vitamin-D3-2-fl-oz-60-ml/96244
0,"Lake Avenue Nutrition, 藻類由来DHA、植物性オメガ、200mg、植物性ソフトジェル60粒",Lake Avenue Nutrition,60, 点,982,LKN-01411,4.7,7,instock,https://s3.images-iherb.com/lkn/lkn01411/v/21.jpg,16.366666666666667,Softgels,https://jp.iherb.com/pr/Lake-Avenue-Nutrition-DHA-from-Marine-Algae-Vegetarian-Omega-200-mg-60-Veggie-Softgels/97412
0,"California Gold Nutrition, DHA 700フィッシュオイル、医薬品グレード、1,000mg、魚ゼラチンソフトジェル30粒",カリフォルニア ゴールド ニュートリション,30, 点,873,CGN-01252,4.5,479,instock,https://s3.images-iherb.com/cgn/cgn01252/v/55.jpg,29.1,Softgels,https://jp.iherb.com/pr/California-Gold-Nutrition-DHA-700-Fish-Oil-Pharmaceutical-Grade-1-000-mg-30-Fish-Gelatin-Softgels/82846
0,"Lake Avenue Nutrition, 藻類由来DHA、植物性オメガ、200mg、植物性ソフトジェル60粒",Lake Avenue Nutrition,60, 点,982,LKN-01411,4.7,7,instock,https://s3.images-iherb.com/lkn/lkn01411/v/21.jpg,16.366666666666667,Softgels,https://jp.iherb.com/pr/Lake-Avenue-Nutrition-DHA-from-Marine-Algae-Vegetarian-Omega-200-mg-60-Veggie-Softgels/97412
0,"California Gold Nutrition, Prenatal DHA for Pregnant & Nursing Mothers, 900 mg Per Serving, 60 Softgels",カリフォルニア ゴールド ニュートリション,60, 点,1965,CGN-01336,3.6,63,instock,https://s3.images-iherb.com/cgn/cgn01336/v/99.jpg,32.75,Softgels,https://jp.iherb.com/pr/California-Gold-Nutrition-Prenatal-DHA-for-Pregnant-Nursing-Mothers-900-mg-Per-Serving-60-Softgels/88811
0,"Lake Avenue Nutrition, 藻類由来DHA、植物性オメガ、200mg、植物性ソフトジェル60粒",Lake Avenue Nutrition,60, 点,982,LKN-01411,4.7,7,instock,https://s3.images-iherb.com/lkn/lkn01411/v/21.jpg,16.366666666666667,Softgels,https://jp.iherb.com/pr/Lake-Avenue-Nutrition-DHA-from-Marine-Algae-Vegetarian-Omega-200-mg-60-Veggie-Softgels/97412
0,"California Gold Nutrition, DHA 700フィッシュオイル、医薬品グレード、1,000mg、魚ゼラチンソフトジェル30粒",カリフォルニア ゴールド ニュートリション,30, 点,873,CGN-01252,4.5,479,instock,https://s3.images-iherb.com/cgn/cgn01252/v/55.jpg,29.1,Softgels,https://jp.iherb.com/pr/California-Gold-Nutrition-DHA-700-Fish-Oil-Pharmaceutical-Grade-1-000-mg-30-Fish-Gelatin-Softgels/82846
0,"Lake Avenue Nutrition, 藻類由来DHA、植物性オメガ、200mg、植物性ソフトジェル60粒",Lake Avenue Nutrition,60, 点,982,LKN-01411,4.7,7,instock,https://s3.images-iherb.com/lkn/lkn01411/v/21.jpg,16.366666666666667,Softgels,https://jp.iherb.com/pr/Lake-Avenue-Nutrition-DHA-from-Marine-Algae-Vegetarian-Omega-200-mg-60-Veggie-Softgels/97412
0,"California Gold Nutrition, DHA 700フィッシュオイル、医薬品グレード、1,000mg、魚ゼラチンソフトジェル30粒",カリフォルニア ゴールド ニュートリション,30, 点,873,CGN-01252,4.5,479,instock,https://s3.images-iherb.com/cgn/cgn01252/v/55.jpg,29.1,Softgels,https://jp.iherb.com/pr/California-Gold-Nutrition-DHA-700-Fish-Oil-Pharmaceutical-Grade-1-000-mg-30-Fish-Gelatin-Softgels/82846
0,"California Gold Nutrition, Prenatal DHA for Pregnant & Nursing Mothers, 900 mg Per Serving, 60 Softgels",カリフォルニア ゴールド ニュートリション,60, 点,1965,CGN-01336,3.6,63,instock,https://s3.images-iherb.com/cgn/cgn01336/v/99.jpg,32.75,Softgels,https://jp.iherb.com/pr/California-Gold-Nutrition-Prenatal-DHA-for-Pregnant-Nursing-Mothers-900-mg-Per-Serving-60-Softgels/88811
0,"Oslomega, Norwegian Baby’s DHA with Vitamin D3, 2 fl oz (60 ml)",Oslomega,2, 液量オンス,1637,OSL-01392,3.9,49,instock,https://s3.images-iherb.com/osl/osl01392/v/2.jpg,818.5,Not Found,https://jp.iherb.com/pr/Oslomega-Norwegian-Baby-s-DHA-with-Vitamin-D3-2-fl-oz-60-ml/96244
0,"OmegaVia, DHA600、120錠",OmegaVia,120, 点,2807,OME-98495,5,4,instock,https://s3.images-iherb.com/ome/ome98495/v/10.jpg,23.391666666666666,Capsules,https://jp.iherb.com/pr/OmegaVia-DHA-600-120-Capsules/94910
0,"Jarrow Formulas, マックスDHA、 180ソフトジェル",ジャロウフォーミュラズ,180, 点,2492,JRW-16018,4.6,362,instock,https://s3.images-iherb.com/jrw/jrw16018/v/20.jpg,13.844444444444445,Softgels,https://jp.iherb.com/pr/Jarrow-Formulas-Max-DHA-180-Softgels/252
0,"Nordic Naturals, 藻類DHA、ソフトジェル60粒",ノルディックナチュラルズ,60, 点,3243,NOR-01604,5,7,instock,https://s3.images-iherb.com/nor/nor01604/v/0.jpg,54.05,Softgels,https://jp.iherb.com/pr/Nordic-Naturals-Algae-DHA-60-Soft-Gels/91972
0,"Now Foods, DHA-250, 120 Softgels",ナウフーズ,120, 点,1310,NOW-01610,4.6,115,instock,https://s3.images-iherb.com/now/now01610/v/32.jpg,10.916666666666666,Softgels,https://jp.iherb.com/pr/Now-Foods-DHA-250-120-Softgels/534
0,"GummiKing, DHA オメガ-3 グミ 子供用、60グミ入り",グミキング,60, 点,1021,GUM-00083,4.4,1782,instock,https://s3.images-iherb.com/gum/gum00083/v/34.jpg,17.016666666666666,Not Found,https://jp.iherb.com/pr/GummiKing-DHA-Omega-3-Gummi-for-Kids-60-Gummies/34013
0,"ChildLife, Pure DHA（ピュアDHA）、ナチュラルベリーフレーバー、ソフトジェル90錠",チャイルドライフ,90, 点,1131,CDL-10550,4.5,2310,instock,https://s3.images-iherb.com/cdl/cdl10550/v/15.jpg,12.566666666666666,Softgels,https://jp.iherb.com/pr/ChildLife-Pure-DHA-Natural-Berry-Flavor-90-Softgels/12573
0,"Jarrow Formulas, マックスDHA、ソフトジェル90粒",ジャロウフォーミュラズ,90, 点,1442,JRW-16007,4.6,362,instock,https://s3.images-iherb.com/jrw/jrw16007/v/18.jpg,16.022222222222222,Softgels,https://jp.iherb.com/pr/Jarrow-Formulas-Max-DHA-90-Softgels/40615
0,"Jarrow Formulas, EPA-DHA Balance（EPA-DHAバランス）、ソフトジェル240粒",ジャロウフォーミュラズ,240, 点,2754,JRW-16039,4.6,1387,instock,https://s3.images-iherb.com/jrw/jrw16039/v/13.jpg,11.475,Softgels,https://jp.iherb.com/pr/Jarrow-Formulas-EPA-DHA-Balance-240-Softgels/7929
0,"Life Extension, Mega EPA/DHA, 120 Softgels",ライフエクステンション,120, 点,1637,LEX-19371,4.6,307,instock,https://s3.images-iherb.com/lex/lex19371/v/67.jpg,13.641666666666667,Softgels,https://jp.iherb.com/pr/Life-Extension-Mega-EPA-DHA-120-Softgels/68440
0,"Now Foods, DHA-500/EPA-250、ダブル強度、180ソフトジェル",ナウフーズ,180, 点,2516,NOW-01613,4.4,642,instock,https://s3.images-iherb.com/now/now01613/v/6.jpg,13.977777777777778,Softgels,https://jp.iherb.com/pr/Now-Foods-DHA-500-EPA-250-Double-Strength-180-Softgels/10713
0,"Nordic Naturals, DHA、ストロベリー、500 mg, 180 Soft Gels",ノルディックナチュラルズ,180, 点,4635,NOR-03743,4.7,218,instock,https://s3.images-iherb.com/nor/nor03743/v/10.jpg,25.75,Softgels,https://jp.iherb.com/pr/Nordic-Naturals-DHA-Strawberry-500-mg-180-Soft-Gels/23074
0,"Nordic Naturals, DHA Xtra、ストロベリー、1,000 mg、60ソフトジェル",ノルディックナチュラルズ,60, 点,2965,NOR-01745,4.3,183,instock,https://s3.images-iherb.com/nor/nor01745/v/12.jpg,49.416666666666664,Softgels,https://jp.iherb.com/pr/Nordic-Naturals-DHA-Xtra-Strawberry-1-000-mg-60-Soft-Gels/30241
0,"Nordic Naturals, DHA, イチゴ味, 500 mg, 90粒（ソフトゼリー）",ノルディックナチュラルズ,90, 点,2686,NOR-01743,4.7,218,instock,https://s3.images-iherb.com/nor/nor01743/v/10.jpg,29.844444444444445,Softgels,https://jp.iherb.com/pr/Nordic-Naturals-DHA-Strawberry-500-mg-90-Soft-Gels/7051
0,"Jarrow Formulas, EPA-DHA Balance、ソフトジェル 120粒",ジャロウフォーミュラズ,120, 点,1574,JRW-16036,4.6,1387,instock,https://s3.images-iherb.com/jrw/jrw16036/v/12.jpg,13.116666666666667,Softgels,https://jp.iherb.com/pr/Jarrow-Formulas-EPA-DHA-Balance-120-Softgels/4571
0,"Now Foods, Kid's Chewable DHA, Tasty Fruit Flavor, 60 Softgels",ナウフーズ,60, 点,1048,NOW-01607,4.4,514,instock,https://s3.images-iherb.com/now/now01607/v/5.jpg,17.466666666666665,Softgels,https://jp.iherb.com/pr/Now-Foods-Kid-s-Chewable-DHA-Tasty-Fruit-Flavor-60-Softgels/16274
0,"Nordic Naturals, ProDHA 1000, Strawberry , 1,000 mg, 120 Soft Gels",ノルディックナチュラルズ,120, 点,5377,NOR-01746,4.4,28,instock,https://s3.images-iherb.com/nor/nor01746/v/13.jpg,44.80833333333333,Softgels,https://jp.iherb.com/pr/Nordic-Naturals-ProDHA-1000-Strawberry-1-000-mg-120-Soft-Gels/70444
0,"Nature's Way, EfaGold,メガ-DHA, 1000 mg, 60 ソフトジェルカプセル",ネイチャーズウェイ,60, 点,1591,NWY-15682,4.5,90,instock,https://s3.images-iherb.com/nwy/nwy15682/v/4.jpg,26.516666666666666,Softgels,https://jp.iherb.com/pr/Nature-s-Way-EfaGold-Mega-DHA-1000-mg-60-Softgels/5019
0,"Pink Stork, DHA、妊娠中および授乳中、ソフトカプセル60粒",Pink Stork,60, 点,2609,PNK-00729,1,1,instock,https://s3.images-iherb.com/pnk/pnk00729/v/8.jpg,43.483333333333334,Softgels,https://jp.iherb.com/pr/Pink-Stork-DHA-Pregnant-and-Nursing-60-Soft-Gels/95664
0,"Now Foods, オメガ3、180 EPA／120 DHA、ソフトジェル200粒",ナウフーズ,200, 点,1048,NOW-01652,4.5,8391,instock,https://s3.images-iherb.com/now/now01652/v/22.jpg,5.24,Softgels,https://jp.iherb.com/pr/Now-Foods-Omega-3-180-EPA-120-DHA-200-Softgels/323
0,"21st Century, Zoo Friends, Smart Kids, Omega Plus DHA, 60 Gummies",21st Century,60, 点,602,CEN-27623,4.3,378,instock,https://s3.images-iherb.com/cen/cen27623/v/11.jpg,10.033333333333333,Not Found,https://jp.iherb.com/pr/21st-Century-Zoo-Friends-Smart-Kids-Omega-Plus-DHA-60-Gummies/61571
0,"Lake Avenue Nutrition, 藻類由来DHA、植物性オメガ、200mg、植物性ソフトジェル60粒",Lake Avenue Nutrition,60, 点,982,LKN-01411,4.7,7,instock,https://s3.images-iherb.com/lkn/lkn01411/v/21.jpg,16.366666666666667,Softgels,https://jp.iherb.com/pr/Lake-Avenue-Nutrition-DHA-from-Marine-Algae-Vegetarian-Omega-200-mg-60-Veggie-Softgels/97412
0,"California Gold Nutrition, Prenatal DHA for Pregnant & Nursing Mothers, 900 mg Per Serving, 60 Softgels",カリフォルニア ゴールド ニュートリション,60, 点,1965,CGN-01336,3.6,63,instock,https://s3.images-iherb.com/cgn/cgn01336/v/99.jpg,32.75,Softgels,https://jp.iherb.com/pr/California-Gold-Nutrition-Prenatal-DHA-for-Pregnant-Nursing-Mothers-900-mg-Per-Serving-60-Softgels/88811
0,"California Gold Nutrition, DHA 700フィッシュオイル、医薬品グレード、1,000mg、魚ゼラチンソフトジェル30粒",カリフォルニア ゴールド ニュートリション,30, 点,873,CGN-01252,4.5,479,instock,https://s3.images-iherb.com/cgn/cgn01252/v/55.jpg,29.1,Softgels,https://jp.iherb.com/pr/California-Gold-Nutrition-DHA-700-Fish-Oil-Pharmaceutical-Grade-1-000-mg-30-Fish-Gelatin-Softgels/82846
0,"Oslomega, Norwegian Baby’s DHA with Vitamin D3, 2 fl oz (60 ml)",Oslomega,2, 液量オンス,1637,OSL-01392,3.9,49,instock,https://s3.images-iherb.com/osl/osl01392/v/2.jpg,818.5,Not Found,https://jp.iherb.com/pr/Oslomega-Norwegian-Baby-s-DHA-with-Vitamin-D3-2-fl-oz-60-ml/96244
0,"OmegaVia, DHA600、120錠",OmegaVia,120, 点,2807,OME-98495,5,4,instock,https://s3.images-iherb.com/ome/ome98495/v/10.jpg,23.391666666666666,Capsules,https://jp.iherb.com/pr/OmegaVia-DHA-600-120-Capsules/94910
0,"Jarrow Formulas, マックスDHA、 180ソフトジェル",ジャロウフォーミュラズ,180, 点,2492,JRW-16018,4.6,362,instock,https://s3.images-iherb.com/jrw/jrw16018/v/20.jpg,13.844444444444445,Softgels,https://jp.iherb.com/pr/Jarrow-Formulas-Max-DHA-180-Softgels/252
0,"Nordic Naturals, 藻類DHA、ソフトジェル60粒",ノルディックナチュラルズ,60, 点,3243,NOR-01604,5,7,instock,https://s3.images-iherb.com/nor/nor01604/v/0.jpg,54.05,Softgels,https://jp.iherb.com/pr/Nordic-Naturals-Algae-DHA-60-Soft-Gels/91972
0,"Now Foods, DHA-250, 120 Softgels",ナウフーズ,120, 点,1310,NOW-01610,4.6,115,instock,https://s3.images-iherb.com/now/now01610/v/32.jpg,10.916666666666666,Softgels,https://jp.iherb.com/pr/Now-Foods-DHA-250-120-Softgels/534
0,"GummiKing, DHA オメガ-3 グミ 子供用、60グミ入り",グミキング,60, 点,1021,GUM-00083,4.4,1782,instock,https://s3.images-iherb.com/gum/gum00083/v/34.jpg,17.016666666666666,Not Found,https://jp.iherb.com/pr/GummiKing-DHA-Omega-3-Gummi-for-Kids-60-Gummies/34013
0,"Jarrow Formulas, マックスDHA、ソフトジェル90粒",ジャロウフォーミュラズ,90, 点,1442,JRW-16007,4.6,362,instock,https://s3.images-iherb.com/jrw/jrw16007/v/18.jpg,16.022222222222222,Softgels,https://jp.iherb.com/pr/Jarrow-Formulas-Max-DHA-90-Softgels/40615
0,"ChildLife, Pure DHA（ピュアDHA）、ナチュラルベリーフレーバー、ソフトジェル90錠",チャイルドライフ,90, 点,1131,CDL-10550,4.5,2310,instock,https://s3.images-iherb.com/cdl/cdl10550/v/15.jpg,12.566666666666666,Softgels,https://jp.iherb.com/pr/ChildLife-Pure-DHA-Natural-Berry-Flavor-90-Softgels/12573
0,"Jarrow Formulas, EPA-DHA Balance（EPA-DHAバランス）、ソフトジェル240粒",ジャロウフォーミュラズ,240, 点,2754,JRW-16039,4.6,1387,instock,https://s3.images-iherb.com/jrw/jrw16039/v/13.jpg,11.475,Softgels,https://jp.iherb.com/pr/Jarrow-Formulas-EPA-DHA-Balance-240-Softgels/7929
0,"Life Extension, Mega EPA/DHA, 120 Softgels",ライフエクステンション,120, 点,1637,LEX-19371,4.6,307,instock,https://s3.images-iherb.com/lex/lex19371/v/67.jpg,13.641666666666667,Softgels,https://jp.iherb.com/pr/Life-Extension-Mega-EPA-DHA-120-Softgels/68440
0,"Now Foods, DHA-500/EPA-250、ダブル強度、180ソフトジェル",ナウフーズ,180, 点,2516,NOW-01613,4.4,642,instock,https://s3.images-iherb.com/now/now01613/v/6.jpg,13.977777777777778,Softgels,https://jp.iherb.com/pr/Now-Foods-DHA-500-EPA-250-Double-Strength-180-Softgels/10713
0,"Nordic Naturals, DHA、ストロベリー、500 mg, 180 Soft Gels",ノルディックナチュラルズ,180, 点,4635,NOR-03743,4.7,218,instock,https://s3.images-iherb.com/nor/nor03743/v/10.jpg,25.75,Softgels,https://jp.iherb.com/pr/Nordic-Naturals-DHA-Strawberry-500-mg-180-Soft-Gels/23074
0,"Nordic Naturals, DHA, イチゴ味, 500 mg, 90粒（ソフトゼリー）",ノルディックナチュラルズ,90, 点,2686,NOR-01743,4.7,218,instock,https://s3.images-iherb.com/nor/nor01743/v/10.jpg,29.844444444444445,Softgels,https://jp.iherb.com/pr/Nordic-Naturals-DHA-Strawberry-500-mg-90-Soft-Gels/7051
0,"Nordic Naturals, DHA Xtra、ストロベリー、1,000 mg、60ソフトジェル",ノルディックナチュラルズ,60, 点,2965,NOR-01745,4.3,183,instock,https://s3.images-iherb.com/nor/nor01745/v/12.jpg,49.416666666666664,Softgels,https://jp.iherb.com/pr/Nordic-Naturals-DHA-Xtra-Strawberry-1-000-mg-60-Soft-Gels/30241
0,"Jarrow Formulas, EPA-DHA Balance、ソフトジェル 120粒",ジャロウフォーミュラズ,120, 点,1574,JRW-16036,4.6,1387,instock,https://s3.images-iherb.com/jrw/jrw16036/v/12.jpg,13.116666666666667,Softgels,https://jp.iherb.com/pr/Jarrow-Formulas-EPA-DHA-Balance-120-Softgels/4571
0,"Now Foods, Kid's Chewable DHA, Tasty Fruit Flavor, 60 Softgels",ナウフーズ,60, 点,1048,NOW-01607,4.4,514,instock,https://s3.images-iherb.com/now/now01607/v/5.jpg,17.466666666666665,Softgels,https://jp.iherb.com/pr/Now-Foods-Kid-s-Chewable-DHA-Tasty-Fruit-Flavor-60-Softgels/16274
0,"Nordic Naturals, ProDHA 1000, Strawberry , 1,000 mg, 120 Soft Gels",ノルディックナチュラルズ,120, 点,5377,NOR-01746,4.4,28,instock,https://s3.images-iherb.com/nor/nor01746/v/13.jpg,44.80833333333333,Softgels,https://jp.iherb.com/pr/Nordic-Naturals-ProDHA-1000-Strawberry-1-000-mg-120-Soft-Gels/70444
0,"Nature's Way, EfaGold,メガ-DHA, 1000 mg, 60 ソフトジェルカプセル",ネイチャーズウェイ,60, 点,1591,NWY-15682,4.5,90,instock,https://s3.images-iherb.com/nwy/nwy15682/v/4.jpg,26.516666666666666,Softgels,https://jp.iherb.com/pr/Nature-s-Way-EfaGold-Mega-DHA-1000-mg-60-Softgels/5019
0,"Pink Stork, DHA、妊娠中および授乳中、ソフトカプセル60粒",Pink Stork,60, 点,2609,PNK-00729,1,1,instock,https://s3.images-iherb.com/pnk/pnk00729/v/8.jpg,43.483333333333334,Softgels,https://jp.iherb.com/pr/Pink-Stork-DHA-Pregnant-and-Nursing-60-Soft-Gels/95664
0,"21st Century, Zoo Friends, Smart Kids, Omega Plus DHA, 60 Gummies",21st Century,60, 点,602,CEN-27623,4.3,378,instock,https://s3.images-iherb.com/cen/cen27623/v/11.jpg,10.033333333333333,Not Found,https://jp.iherb.com/pr/21st-Century-Zoo-Friends-Smart-Kids-Omega-Plus-DHA-60-Gummies/61571
0,"Flora, DHAベジタリアン藻類、ベジタリアンソフトゲル60錠",フローラ,60, 点,3110,FLO-61422,4.5,25,instock,https://s3.images-iherb.com/flo/flo61422/v/2.jpg,51.833333333333336,Softgels,https://jp.iherb.com/pr/Flora-DHA-Vegetarian-Algae-60-Vegetarian-Softgels/37032
