category,productName,url,rating,raitingCount,price,capsuleType
MSM	,"California Gold Nutrition, グルコサミン、コンドロイチン、MSM＋ヒアルロン酸、植物性カプセル120粒",https://jp.iherb.com/pr/California-Gold-Nutrition-Glucosamine-Chondroitin-MSM-Plus-Hyaluronic-Acid-120-Veggie-Caps/69436,0,0,100,Not Found
MSM	,"Lake Avenue Nutrition, OptiMSM（オプティMSM）フレーク、200g（7oz）",https://jp.iherb.com/pr/Lake-Avenue-Nutrition-OptiMSM-Flakes-7-oz-200-g/96333,0,0,100,Not Found
MSM	,"Lake Avenue Nutrition, グルコサミン、コンドロイチン＋MSM、植物性カプセル360粒",https://jp.iherb.com/pr/Lake-Avenue-Nutrition-Glucosamine-Chondroitin-plus-MSM-360-Veggie-Capsules/96318,0,0,100,Capsules
MSM	,"Lake Avenue Nutrition, OptiMSM Flakes, 35 oz (992 g)",https://jp.iherb.com/pr/Lake-Avenue-Nutrition-OptiMSM-Flakes-35-oz-992-g/96328,0,0,100,Not Found
MSM	,"Doctor's Best, MSM OptiMSM入り、、1,500 mg、120粒",https://jp.iherb.com/pr/Doctor-s-Best-MSM-with-OptiMSM-1-500-mg-120-Tablets/3,0,0,100,Tablets
MSM	,"Doctor's Best, MSM　OptiMSM入り、8.8 oz (250 g)",https://jp.iherb.com/pr/Doctor-s-Best-MSM-Powder-with-OptiMSM-8-8-oz-250-g/5,0,0,100,Not Found
MSM	,"Doctor's Best, OptiMSM配合MSM、1,000 mg、植物性カプセル180粒",https://jp.iherb.com/pr/Doctor-s-Best-MSM-with-OptiMSM-1-000-mg-180-Veggie-Caps/55321,0,0,100,Not Found
MSM	,"Doctor's Best, MSM with OptiMSM, 1,000 mg, 360 Capsules",https://jp.iherb.com/pr/Doctor-s-Best-MSM-with-OptiMSM-1-000-mg-360-Capsules/54231,0,0,100,Capsules
MSM	,"Doctor's Best, MSM OptiMSM入り、1,000 mg、180粒",https://jp.iherb.com/pr/Doctor-s-Best-MSM-with-OptiMSM-1-000-mg-180-Capsules/19,0,0,100,Capsules
MSM	,"Doctor's Best, グルコサミンコンドロイチンMSM OptiMSM入り、植物性カプセル 240粒",https://jp.iherb.com/pr/Doctor-s-Best-Glucosamine-Chondroitin-MSM-with-OptiMSM-240-Veggie-Caps/23,0,0,100,Not Found
MSM	,"Doctor's Best, グルコサミンコンドロイチンMSM OptiMSM入り、植物性カプセル 120粒",https://jp.iherb.com/pr/Doctor-s-Best-Glucosamine-Chondroitin-MSM-with-OptiMSM-120-Veggie-Caps/22,0,0,100,Not Found
MSM	,"Jarrow Formulas, MSM、1,000 mg、植物性カプセル 200粒",https://jp.iherb.com/pr/Jarrow-Formulas-MSM-1-000-mg-200-Veggie-Caps/244,0,0,100,Not Found
MSM	,"Source Naturals, MSM Powder, 35 oz (1000 g)",https://jp.iherb.com/pr/Source-Naturals-MSM-Powder-35-oz-1000-g/1283,0,0,100,Not Found
MSM	,"Doctor's Best, 相乗効果グルコサミンMSMフォーミュラ、OptiMSM配合、180カプセル",https://jp.iherb.com/pr/Doctor-s-Best-Synergistic-Glucosamine-MSM-Formula-with-OptiMSM-180-Capsules/21,0,0,100,Capsules
MSM	,"Jarrow Formulas, MSM硫黄パウダー、 16オンス (454 g)",https://jp.iherb.com/pr/Jarrow-Formulas-MSM-Powder-16-oz-454-g/240,0,0,100,Not Found
MSM	,"Now Foods, MSMパウダー、1ポンド (454 g)",https://jp.iherb.com/pr/Now-Foods-MSM-Powder-1-lb-454-g/10057,0,0,100,Not Found
MSM	,"Life Extension, MSM、 1000 mg、 100カプセル",https://jp.iherb.com/pr/Life-Extension-MSM-1000-mg-100-Capsules/5279,0,0,100,Capsules
MSM	,"Jarrow Formulas, MSM パウダー、35.3 オンス (1000 g)",https://jp.iherb.com/pr/Jarrow-Formulas-MSM-Powder-2-2-lbs-1000-g/344,0,0,100,Not Found
MSM	,"Natural Factors, MSMジョイントフォーミュラ、180カプセル",https://jp.iherb.com/pr/Natural-Factors-MSM-Joint-Formula-180-Capsules/2653,0,0,100,Capsules
MSM	,"Source Naturals, MSM、 (メチルスルホニルメタン)、 240タブレット",https://jp.iherb.com/pr/Source-Naturals-MSM-Methylsulfonylmethane-240-Tablets/1286,0,0,100,Tablets
MSM	,"Jarrow Formulas, MSM、 1000 mg、 植物性カプセル100粒",https://jp.iherb.com/pr/Jarrow-Formulas-MSM-1-000-mg-100-Veggie-Caps/40605,0,0,100,Not Found
MSM	,"Now Foods, MSM, Methylsulfonylmethane, 1,000 mg, 240 Capsules",https://jp.iherb.com/pr/Now-Foods-MSM-Methylsulfonylmethane-1-000-mg-240-Capsules/3338,0,0,100,Capsules
MSM	,"Paradise Herbs, MSM, 1,000 mg, 180 Vegetarian Capsules",https://jp.iherb.com/pr/Paradise-Herbs-MSM-1-000-mg-180-Vegetarian-Capsules/5951,0,0,100,Capsules
MSM	,"Jarrow Formulas, MSM, 1,000 mg, 120 Tablets",https://jp.iherb.com/pr/Jarrow-Formulas-MSM-1-000-mg-120-Tablets/239,0,0,100,Tablets
Glucosamine	,"California Gold Nutrition, グルコサミン、コンドロイチン、MSM＋ヒアルロン酸、植物性カプセル120粒",https://jp.iherb.com/pr/California-Gold-Nutrition-Glucosamine-Chondroitin-MSM-Plus-Hyaluronic-Acid-120-Veggie-Caps/69436,0,0,100,Not Found
Glucosamine	,"California Gold Nutrition, トータルベジジョイント、ベジタリアングルコサミン、コンドロイチン、MSM、ヒアルロン酸、植物性カプセル90粒",https://jp.iherb.com/pr/California-Gold-Nutrition-Total-Veggie-Joint-Vegetarian-Glucosamin-Chondroitin-MSM-Hyaluronic-Acid-90-Veggie-Capsules/74182,0,0,100,Capsules
Glucosamine	,"California Gold Nutrition, グルコサミン、コンドロイチン、MSM＋ヒアルロン酸、植物性カプセル60粒",https://jp.iherb.com/pr/California-Gold-Nutrition-Glucosamine-Chondroitin-MSM-plus-Hyaluronic-Acid-60-Veggie-Capsules/96246,0,0,100,Capsules
Glucosamine	,"Lake Avenue Nutrition, グルコサミン、コンドロイチン＋MSM、植物性カプセル360粒",https://jp.iherb.com/pr/Lake-Avenue-Nutrition-Glucosamine-Chondroitin-plus-MSM-360-Veggie-Capsules/96318,0,0,100,Capsules
Glucosamine	,"Now Foods, グルコサミン＆コンドロイチン、MSM配合、180粒",https://jp.iherb.com/pr/Now-Foods-Glucosamine-Chondroitin-with-MSM-180-Capsules/581,0,0,100,Capsules
Glucosamine	,"Doctor's Best, グリーングルコサミンを含む硫酸ベガングルコサミン、750 mg、180ベジーキャップ",https://jp.iherb.com/pr/Doctor-s-Best-Vegan-Glucosamine-Sulfate-with-GreenGrown-Glucosamine-750-mg-180-Veggie-Caps/69821,0,0,100,Not Found
Glucosamine	,"Now Foods, MSMとグルコサミン＆コンドロイチン、90カプセル",https://jp.iherb.com/pr/Now-Foods-Glucosamine-Chondroitin-with-MSM-90-Capsules/37832,0,0,100,Capsules
Glucosamine	,"Jarrow Formulas, グルコサミン + コンドロイチン、240粒",https://jp.iherb.com/pr/Jarrow-Formulas-Glucosamine-Chondroitin-240-Capsules/16793,0,0,100,Capsules
Glucosamine	,"MRM, ニュートリション、グルコサミンコンドロイチン、180カプセル",https://jp.iherb.com/pr/MRM-Nutrition-Glucosamine-Chondroitin-180-Capsules/7021,0,0,100,Capsules
Glucosamine	,"MRM, ニュートリション、グルコサミンコンドロイチンMSM、カプセル90粒",https://jp.iherb.com/pr/MRM-Nutrition-Glucosamine-Chondroitin-MSM-90-Capsules/72418,0,0,100,Capsules
Glucosamine	,"Doctor's Best, Best グルコサミンサルフェイト、750 mg、180 粒",https://jp.iherb.com/pr/Doctor-s-Best-Glucosamine-Sulfate-750-mg-180-Capsules/9,0,0,100,Capsules
Glucosamine	,"Jarrow Formulas, グルコサミン＋コンドロイチン、120粒",https://jp.iherb.com/pr/Jarrow-Formulas-Glucosamine-Chondroitin-120-Capsules/211,0,0,100,Capsules
Glucosamine	,"Thorne Research, グルコサミン＆コンドロイチン、カプセル90粒",https://jp.iherb.com/pr/Thorne-Research-Glucosamine-Chondroitin-90-Capsules/18565,0,0,100,Capsules
Glucosamine	,"Jarrow Formulas, グルコサミン + コンドロイチン + MSM、240粒",https://jp.iherb.com/pr/Jarrow-Formulas-Glucosamine-Chondroitin-MSM-240-Capsules/199,0,0,100,Capsules
Glucosamine	,"Doctor's Best, グルコサミンコンドロイチンMSM OptiMSM入り、植物性カプセル 240粒",https://jp.iherb.com/pr/Doctor-s-Best-Glucosamine-Chondroitin-MSM-with-OptiMSM-240-Veggie-Caps/23,0,0,100,Not Found
Glucosamine	,"Nature's Way, Glucosamine Hydrochloride, 80 Tablets",https://jp.iherb.com/pr/Nature-s-Way-Glucosamine-Hydrochloride-80-Tablets/1983,0,0,100,Tablets
Glucosamine	,"Now Foods, Glucosamine '1000', 180 Veg Capsules",https://jp.iherb.com/pr/Now-Foods-Glucosamine-1000-180-Veg-Capsules/580,0,0,100,Capsules
Glucosamine	,"Deva, Glucosamine, Vegan , 90 Tablets",https://jp.iherb.com/pr/Deva-Glucosamine-Vegan-90-Tablets/55155,0,0,100,Tablets
Glucosamine	,"Nature's Bounty, グルコサミンコンドロイチンコンプレックス、 110カプセル",https://jp.iherb.com/pr/Nature-s-Bounty-Glucosamine-Chondroitin-110-Capsules/32316,0,0,100,Capsules
Glucosamine	,"Now Foods, ベジタリアングルコサミン & MSM、ベジタブルカプセル 240 錠",https://jp.iherb.com/pr/Now-Foods-Vegetarian-Glucosamine-MSM-240-Veg-Capsules/16566,0,0,100,Capsules
Glucosamine	,"Now Foods, グルコサミン & コンドロイチン, 特別強度, 120 錠",https://jp.iherb.com/pr/Now-Foods-Glucosamine-Chondroitin-Extra-Strength-120-Tablets/37828,0,0,100,Tablets
Glucosamine	,"Solgar, Glucosamine Chondroitin MSM with Ester-C, 180 Tablets",https://jp.iherb.com/pr/Solgar-Glucosamine-Chondroitin-MSM-with-Ester-C-180-Tablets/22425,0,0,100,Tablets
Glucosamine	,"Doctor's Best, Glucosamine Chondroitin MSM with OptiMSM, 360 Veggie Capsules",https://jp.iherb.com/pr/Doctor-s-Best-Glucosamine-Chondroitin-MSM-with-OptiMSM-360-Veggie-Capsules/57474,0,0,100,Capsules
Glucosamine	,"Thorne Research, グルコサミン硫酸, 180 ベジタリアンカプセル",https://jp.iherb.com/pr/Thorne-Research-Glucosamine-Sulfate-180-Capsules/18556,0,0,100,Capsules
Glucosamine	,"California Gold Nutrition, グルコサミン、コンドロイチン、MSM＋ヒアルロン酸、植物性カプセル120粒",https://jp.iherb.com/pr/California-Gold-Nutrition-Glucosamine-Chondroitin-MSM-Plus-Hyaluronic-Acid-120-Veggie-Caps/69436,0,0,100,Not Found
Glucosamine	,"California Gold Nutrition, トータルベジジョイント、ベジタリアングルコサミン、コンドロイチン、MSM、ヒアルロン酸、植物性カプセル90粒",https://jp.iherb.com/pr/California-Gold-Nutrition-Total-Veggie-Joint-Vegetarian-Glucosamin-Chondroitin-MSM-Hyaluronic-Acid-90-Veggie-Capsules/74182,0,0,100,Capsules
Glucosamine	,"California Gold Nutrition, グルコサミン、コンドロイチン、MSM＋ヒアルロン酸、植物性カプセル60粒",https://jp.iherb.com/pr/California-Gold-Nutrition-Glucosamine-Chondroitin-MSM-plus-Hyaluronic-Acid-60-Veggie-Capsules/96246,0,0,100,Capsules
Glucosamine	,"Lake Avenue Nutrition, グルコサミン、コンドロイチン＋MSM、植物性カプセル360粒",https://jp.iherb.com/pr/Lake-Avenue-Nutrition-Glucosamine-Chondroitin-plus-MSM-360-Veggie-Capsules/96318,0,0,100,Capsules
Glucosamine	,"Now Foods, グルコサミン＆コンドロイチン、MSM配合、180粒",https://jp.iherb.com/pr/Now-Foods-Glucosamine-Chondroitin-with-MSM-180-Capsules/581,0,0,100,Capsules
Glucosamine	,"Doctor's Best, グリーングルコサミンを含む硫酸ベガングルコサミン、750 mg、180ベジーキャップ",https://jp.iherb.com/pr/Doctor-s-Best-Vegan-Glucosamine-Sulfate-with-GreenGrown-Glucosamine-750-mg-180-Veggie-Caps/69821,0,0,100,Not Found
Glucosamine	,"Now Foods, MSMとグルコサミン＆コンドロイチン、90カプセル",https://jp.iherb.com/pr/Now-Foods-Glucosamine-Chondroitin-with-MSM-90-Capsules/37832,0,0,100,Capsules
Glucosamine	,"Jarrow Formulas, グルコサミン + コンドロイチン、240粒",https://jp.iherb.com/pr/Jarrow-Formulas-Glucosamine-Chondroitin-240-Capsules/16793,0,0,100,Capsules
Glucosamine	,"MRM, ニュートリション、グルコサミンコンドロイチン、180カプセル",https://jp.iherb.com/pr/MRM-Nutrition-Glucosamine-Chondroitin-180-Capsules/7021,0,0,100,Capsules
Glucosamine	,"MRM, ニュートリション、グルコサミンコンドロイチンMSM、カプセル90粒",https://jp.iherb.com/pr/MRM-Nutrition-Glucosamine-Chondroitin-MSM-90-Capsules/72418,0,0,100,Capsules
Glucosamine	,"Doctor's Best, Best グルコサミンサルフェイト、750 mg、180 粒",https://jp.iherb.com/pr/Doctor-s-Best-Glucosamine-Sulfate-750-mg-180-Capsules/9,0,0,100,Capsules
Glucosamine	,"Jarrow Formulas, グルコサミン＋コンドロイチン、120粒",https://jp.iherb.com/pr/Jarrow-Formulas-Glucosamine-Chondroitin-120-Capsules/211,0,0,100,Capsules
Glucosamine	,"Thorne Research, グルコサミン＆コンドロイチン、カプセル90粒",https://jp.iherb.com/pr/Thorne-Research-Glucosamine-Chondroitin-90-Capsules/18565,0,0,100,Capsules
Glucosamine	,"Jarrow Formulas, グルコサミン + コンドロイチン + MSM、240粒",https://jp.iherb.com/pr/Jarrow-Formulas-Glucosamine-Chondroitin-MSM-240-Capsules/199,0,0,100,Capsules
Glucosamine	,"Doctor's Best, グルコサミンコンドロイチンMSM OptiMSM入り、植物性カプセル 240粒",https://jp.iherb.com/pr/Doctor-s-Best-Glucosamine-Chondroitin-MSM-with-OptiMSM-240-Veggie-Caps/23,0,0,100,Not Found
Glucosamine	,"Nature's Way, Glucosamine Hydrochloride, 80 Tablets",https://jp.iherb.com/pr/Nature-s-Way-Glucosamine-Hydrochloride-80-Tablets/1983,0,0,100,Tablets
Glucosamine	,"Now Foods, Glucosamine '1000', 180 Veg Capsules",https://jp.iherb.com/pr/Now-Foods-Glucosamine-1000-180-Veg-Capsules/580,0,0,100,Capsules
Glucosamine	,"Deva, Glucosamine, Vegan , 90 Tablets",https://jp.iherb.com/pr/Deva-Glucosamine-Vegan-90-Tablets/55155,0,0,100,Tablets
Glucosamine	,"Nature's Bounty, グルコサミンコンドロイチンコンプレックス、 110カプセル",https://jp.iherb.com/pr/Nature-s-Bounty-Glucosamine-Chondroitin-110-Capsules/32316,0,0,100,Capsules
Glucosamine	,"Now Foods, ベジタリアングルコサミン & MSM、ベジタブルカプセル 240 錠",https://jp.iherb.com/pr/Now-Foods-Vegetarian-Glucosamine-MSM-240-Veg-Capsules/16566,0,0,100,Capsules
Glucosamine	,"Now Foods, グルコサミン & コンドロイチン, 特別強度, 120 錠",https://jp.iherb.com/pr/Now-Foods-Glucosamine-Chondroitin-Extra-Strength-120-Tablets/37828,0,0,100,Tablets
Glucosamine	,"Thorne Research, グルコサミン硫酸, 180 ベジタリアンカプセル",https://jp.iherb.com/pr/Thorne-Research-Glucosamine-Sulfate-180-Capsules/18556,0,0,100,Capsules
Glucosamine	,"Solgar, Glucosamine Chondroitin MSM with Ester-C, 180 Tablets",https://jp.iherb.com/pr/Solgar-Glucosamine-Chondroitin-MSM-with-Ester-C-180-Tablets/22425,0,0,100,Tablets
Glucosamine	,"Doctor's Best, Glucosamine Chondroitin MSM with OptiMSM, 360 Veggie Capsules",https://jp.iherb.com/pr/Doctor-s-Best-Glucosamine-Chondroitin-MSM-with-OptiMSM-360-Veggie-Capsules/57474,0,0,100,Capsules
Glucosamine	,"California Gold Nutrition, トータルベジジョイント、ベジタリアングルコサミン、コンドロイチン、MSM、ヒアルロン酸、植物性カプセル90粒",https://jp.iherb.com/pr/California-Gold-Nutrition-Total-Veggie-Joint-Vegetarian-Glucosamin-Chondroitin-MSM-Hyaluronic-Acid-90-Veggie-Capsules/74182,0,0,100,Capsules
Glucosamine	,"California Gold Nutrition, グルコサミン、コンドロイチン、MSM＋ヒアルロン酸、植物性カプセル120粒",https://jp.iherb.com/pr/California-Gold-Nutrition-Glucosamine-Chondroitin-MSM-Plus-Hyaluronic-Acid-120-Veggie-Caps/69436,0,0,100,Not Found
Glucosamine	,"California Gold Nutrition, グルコサミン、コンドロイチン、MSM＋ヒアルロン酸、植物性カプセル60粒",https://jp.iherb.com/pr/California-Gold-Nutrition-Glucosamine-Chondroitin-MSM-plus-Hyaluronic-Acid-60-Veggie-Capsules/96246,0,0,100,Capsules
Glucosamine	,"Lake Avenue Nutrition, グルコサミン、コンドロイチン＋MSM、植物性カプセル360粒",https://jp.iherb.com/pr/Lake-Avenue-Nutrition-Glucosamine-Chondroitin-plus-MSM-360-Veggie-Capsules/96318,0,0,100,Capsules
Glucosamine	,"Now Foods, グルコサミン＆コンドロイチン、MSM配合、180粒",https://jp.iherb.com/pr/Now-Foods-Glucosamine-Chondroitin-with-MSM-180-Capsules/581,0,0,100,Capsules
Glucosamine	,"Doctor's Best, グリーングルコサミンを含む硫酸ベガングルコサミン、750 mg、180ベジーキャップ",https://jp.iherb.com/pr/Doctor-s-Best-Vegan-Glucosamine-Sulfate-with-GreenGrown-Glucosamine-750-mg-180-Veggie-Caps/69821,0,0,100,Not Found
Glucosamine	,"Now Foods, MSMとグルコサミン＆コンドロイチン、90カプセル",https://jp.iherb.com/pr/Now-Foods-Glucosamine-Chondroitin-with-MSM-90-Capsules/37832,0,0,100,Capsules
Glucosamine	,"Jarrow Formulas, グルコサミン + コンドロイチン、240粒",https://jp.iherb.com/pr/Jarrow-Formulas-Glucosamine-Chondroitin-240-Capsules/16793,0,0,100,Capsules
Glucosamine	,"MRM, ニュートリション、グルコサミンコンドロイチン、180カプセル",https://jp.iherb.com/pr/MRM-Nutrition-Glucosamine-Chondroitin-180-Capsules/7021,0,0,100,Capsules
Glucosamine	,"MRM, ニュートリション、グルコサミンコンドロイチンMSM、カプセル90粒",https://jp.iherb.com/pr/MRM-Nutrition-Glucosamine-Chondroitin-MSM-90-Capsules/72418,0,0,100,Capsules
Glucosamine	,"Doctor's Best, Best グルコサミンサルフェイト、750 mg、180 粒",https://jp.iherb.com/pr/Doctor-s-Best-Glucosamine-Sulfate-750-mg-180-Capsules/9,0,0,100,Capsules
Glucosamine	,"Jarrow Formulas, グルコサミン＋コンドロイチン、120粒",https://jp.iherb.com/pr/Jarrow-Formulas-Glucosamine-Chondroitin-120-Capsules/211,0,0,100,Capsules
Glucosamine	,"Thorne Research, グルコサミン＆コンドロイチン、カプセル90粒",https://jp.iherb.com/pr/Thorne-Research-Glucosamine-Chondroitin-90-Capsules/18565,0,0,100,Capsules
Glucosamine	,"Jarrow Formulas, グルコサミン + コンドロイチン + MSM、240粒",https://jp.iherb.com/pr/Jarrow-Formulas-Glucosamine-Chondroitin-MSM-240-Capsules/199,0,0,100,Capsules
Glucosamine	,"Doctor's Best, グルコサミンコンドロイチンMSM OptiMSM入り、植物性カプセル 240粒",https://jp.iherb.com/pr/Doctor-s-Best-Glucosamine-Chondroitin-MSM-with-OptiMSM-240-Veggie-Caps/23,0,0,100,Not Found
Glucosamine	,"Nature's Way, Glucosamine Hydrochloride, 80 Tablets",https://jp.iherb.com/pr/Nature-s-Way-Glucosamine-Hydrochloride-80-Tablets/1983,0,0,100,Tablets
Glucosamine	,"Now Foods, Glucosamine '1000', 180 Veg Capsules",https://jp.iherb.com/pr/Now-Foods-Glucosamine-1000-180-Veg-Capsules/580,0,0,100,Capsules
Glucosamine	,"Deva, Glucosamine, Vegan , 90 Tablets",https://jp.iherb.com/pr/Deva-Glucosamine-Vegan-90-Tablets/55155,0,0,100,Tablets
Glucosamine	,"Nature's Bounty, グルコサミンコンドロイチンコンプレックス、 110カプセル",https://jp.iherb.com/pr/Nature-s-Bounty-Glucosamine-Chondroitin-110-Capsules/32316,0,0,100,Capsules
Glucosamine	,"Now Foods, ベジタリアングルコサミン & MSM、ベジタブルカプセル 240 錠",https://jp.iherb.com/pr/Now-Foods-Vegetarian-Glucosamine-MSM-240-Veg-Capsules/16566,0,0,100,Capsules
Glucosamine	,"Now Foods, グルコサミン & コンドロイチン, 特別強度, 120 錠",https://jp.iherb.com/pr/Now-Foods-Glucosamine-Chondroitin-Extra-Strength-120-Tablets/37828,0,0,100,Tablets
Glucosamine	,"Thorne Research, グルコサミン硫酸, 180 ベジタリアンカプセル",https://jp.iherb.com/pr/Thorne-Research-Glucosamine-Sulfate-180-Capsules/18556,0,0,100,Capsules
Glucosamine	,"Solgar, Glucosamine Chondroitin MSM with Ester-C, 180 Tablets",https://jp.iherb.com/pr/Solgar-Glucosamine-Chondroitin-MSM-with-Ester-C-180-Tablets/22425,0,0,100,Tablets
Glucosamine	,"Doctor's Best, Glucosamine Chondroitin MSM with OptiMSM, 360 Veggie Capsules",https://jp.iherb.com/pr/Doctor-s-Best-Glucosamine-Chondroitin-MSM-with-OptiMSM-360-Veggie-Capsules/57474,0,0,100,Capsules
Willow bark	,"PureMark Naturals, ターメリックフレックス、植物性カプセル60錠",https://jp.iherb.com/pr/PureMark-Naturals-Turmeric-Flex-60-Vegetarian-Capsules/83162,0,0,100,Capsules
Willow bark	,"Bluebonnet Nutrition, Targeted Choice, Joint Support, 60 Caplets",https://jp.iherb.com/pr/Bluebonnet-Nutrition-Targeted-Choice-Joint-Support-60-Caplets/84410,0,0,100,Not Found
Willow bark	,"Crystal Star, Bladder Support, 60 Vegetarian Capsules",https://jp.iherb.com/pr/Crystal-Star-Bladder-Control-60-Vegetarian-Capsules/57424,0,0,100,Capsules
Willow bark	,"Zahler, インフレームX、高度な炎症反応のサポート、120植物性カプセル",https://jp.iherb.com/pr/Zahler-Inflame-X-Advanced-Inflammatory-Response-Support-120-Vegetable-Capsules/76638,0,0,100,Capsules
Willow bark	,"MRM, Joint Synergy +、カプセル 120錠",https://jp.iherb.com/pr/MRM-Joint-Synergy-120-Capsules/41345,0,0,100,Capsules
Willow bark	,"Youtheory, Hyaluronic Acid, Advanced Formula, 120 Tablets",https://jp.iherb.com/pr/Youtheory-Hyaluronic-Acid-Advanced-Formula-120-Tablets/59092,0,0,100,Tablets
Willow bark	,"Solgar, グルコサミン MSM複合体, 120 錠",https://jp.iherb.com/pr/Solgar-Glucosamine-MSM-Complex-120-Tablets/9298,0,0,100,Tablets
Willow bark	,"ALLMAX Nutrition, AllFlex（オールフレックス）、オールインワンジョイントフォーミュラ、60カプセル",https://jp.iherb.com/pr/ALLMAX-Nutrition-AllFlex-All-In-One-Joint-Formula-60-Capsules/67725,0,0,100,Capsules
Willow bark	,"Gaspari Nutrition, Proven Joint（プルーブンジョイント）、アスレチックパフォーマンスフォーミュラ、90粒",https://jp.iherb.com/pr/Gaspari-Nutrition-Proven-Joint-Athletic-Performance-Formula-90-Tablets/97844,0,0,100,Tablets
Willow bark	,"Solgar, No. 7, Joint Support & Comfort, 30 Vegetable Capsules",https://jp.iherb.com/pr/Solgar-No-7-Joint-Support-Comfort-30-Vegetable-Capsules/43039,0,0,100,Capsules
Willow bark	,"FutureBiotics, プロスタブ プラス、 90タブレット",https://jp.iherb.com/pr/FutureBiotics-Prostabs-Plus-90-Tablets/7303,0,0,100,Tablets
Willow bark	,"Solgar, No. 7、関節のサポートと快適さ、90 ベジカプセル",https://jp.iherb.com/pr/Solgar-No-7-Joint-Support-Comfort-90-Vegetable-Capsules/43040,0,0,100,Capsules
Willow bark	,"Rainbow Light, マグネシウム カルシウム+、 食品ベース処方、 90錠",https://jp.iherb.com/pr/Rainbow-Light-Magnesium-Calcium-Food-Based-Formula-90-Tablets/17573,0,0,100,Tablets
Willow bark	,"Solgar, No.7, Joint Support & Comfort, 60 Vegetable Capsules",https://jp.iherb.com/pr/Solgar-No-7-Joint-Support-Comfort-60-Vegetable-Capsules/69603,0,0,100,Capsules
Willow bark	,"Rainbow Light, マグネシウム カルシウム+、 食品ベース処方、 180錠",https://jp.iherb.com/pr/Rainbow-Light-Magnesium-Calcium-Food-Based-Formula-180-Tablets/1767,0,0,100,Tablets
Willow bark	,"LifeSeasons, インフラマ-X、炎症サポート、植物性カプセル60錠",https://jp.iherb.com/pr/LifeSeasons-Inflamma-X-Inflammation-Support-60-Vegetarian-Capsules/83022,0,0,100,Capsules
Willow bark	,"21st Century, Arthri-Flex Advantage、+ Vitamin D3、180コーティング錠",https://jp.iherb.com/pr/21st-Century-Arthri-Flex-Advantage-Vitamin-D3-180-Coated-Tablets/14193,0,0,100,Tablets
Willow bark	,"21st Century, アースリフレックス アドバンテージ（Arthri-Flex Advantage）, プラス ビタミンD3, 120錠（コーティング錠剤）",https://jp.iherb.com/pr/21st-Century-Arthri-Flex-Advantage-Vitamin-D3-120-Coated-Tablets/37348,0,0,100,Tablets
Willow bark	,"NATURELO, 50歳以上の女性用ホールフードマルチビタミン、植物性カプセル120粒",https://jp.iherb.com/pr/NATURELO-Whole-Food-Multivitamin-for-Women-50-120-Vegetarian-Capsules/97679,0,0,100,Capsules
Willow bark	,"Solaray, Super IbuActin, Maximum Strength, 60 Liquid VegCaps",https://jp.iherb.com/pr/Solaray-Super-IbuActin-Maximum-Strength-60-Liquid-VegCaps/98962,0,0,100,Not Found
Willow bark	,"Solaray, Extra-Strength IbuActin, 60 VegCaps",https://jp.iherb.com/pr/Solaray-Extra-Strength-IbuActin-60-VegCaps/34856,0,0,100,Not Found
Willow bark	,"Solaray, Extra-Strength IbuActin PM, 90 Vegetarian Capsules",https://jp.iherb.com/pr/Solaray-Extra-Strength-IbuActin-PM-90-Vegetarian-Capsules/98973,0,0,100,Capsules
Willow bark	,"BioTech, CelluRid™（セルリド）、セルライト コントロール システム、60 カプセル",https://jp.iherb.com/pr/BioTech-CelluRid-60-Capsules/9301,0,0,100,Capsules
Willow bark	,"Natural Factors, クルクミンリッチ、ジョイントクルクマイザー、ベジタリアンカプセル60錠",https://jp.iherb.com/pr/Natural-Factors-CurcuminRich-Joint-Curcumizer-60-Vegetarian-Capsules/71120,0,0,100,Capsules
Willow bark	,"PureMark Naturals, ターメリックフレックス、植物性カプセル60錠",https://jp.iherb.com/pr/PureMark-Naturals-Turmeric-Flex-60-Vegetarian-Capsules/83162,0,0,100,Capsules
Willow bark	,"Bluebonnet Nutrition, Targeted Choice, Joint Support, 60 Caplets",https://jp.iherb.com/pr/Bluebonnet-Nutrition-Targeted-Choice-Joint-Support-60-Caplets/84410,0,0,100,Not Found
Willow bark	,"Crystal Star, Bladder Support, 60 Vegetarian Capsules",https://jp.iherb.com/pr/Crystal-Star-Bladder-Control-60-Vegetarian-Capsules/57424,0,0,100,Capsules
Willow bark	,"Zahler, インフレームX、高度な炎症反応のサポート、120植物性カプセル",https://jp.iherb.com/pr/Zahler-Inflame-X-Advanced-Inflammatory-Response-Support-120-Vegetable-Capsules/76638,0,0,100,Capsules
Willow bark	,"MRM, Joint Synergy +、カプセル 120錠",https://jp.iherb.com/pr/MRM-Joint-Synergy-120-Capsules/41345,0,0,100,Capsules
Willow bark	,"Youtheory, Hyaluronic Acid, Advanced Formula, 120 Tablets",https://jp.iherb.com/pr/Youtheory-Hyaluronic-Acid-Advanced-Formula-120-Tablets/59092,0,0,100,Tablets
Willow bark	,"Solgar, グルコサミン MSM複合体, 120 錠",https://jp.iherb.com/pr/Solgar-Glucosamine-MSM-Complex-120-Tablets/9298,0,0,100,Tablets
Willow bark	,"ALLMAX Nutrition, AllFlex（オールフレックス）、オールインワンジョイントフォーミュラ、60カプセル",https://jp.iherb.com/pr/ALLMAX-Nutrition-AllFlex-All-In-One-Joint-Formula-60-Capsules/67725,0,0,100,Capsules
Willow bark	,"Gaspari Nutrition, Proven Joint（プルーブンジョイント）、アスレチックパフォーマンスフォーミュラ、90粒",https://jp.iherb.com/pr/Gaspari-Nutrition-Proven-Joint-Athletic-Performance-Formula-90-Tablets/97844,0,0,100,Tablets
Willow bark	,"Solgar, No. 7, Joint Support & Comfort, 30 Vegetable Capsules",https://jp.iherb.com/pr/Solgar-No-7-Joint-Support-Comfort-30-Vegetable-Capsules/43039,0,0,100,Capsules
Willow bark	,"FutureBiotics, プロスタブ プラス、 90タブレット",https://jp.iherb.com/pr/FutureBiotics-Prostabs-Plus-90-Tablets/7303,0,0,100,Tablets
Willow bark	,"Solgar, No. 7、関節のサポートと快適さ、90 ベジカプセル",https://jp.iherb.com/pr/Solgar-No-7-Joint-Support-Comfort-90-Vegetable-Capsules/43040,0,0,100,Capsules
Willow bark	,"Rainbow Light, マグネシウム カルシウム+、 食品ベース処方、 90錠",https://jp.iherb.com/pr/Rainbow-Light-Magnesium-Calcium-Food-Based-Formula-90-Tablets/17573,0,0,100,Tablets
Willow bark	,"Solgar, No.7, Joint Support & Comfort, 60 Vegetable Capsules",https://jp.iherb.com/pr/Solgar-No-7-Joint-Support-Comfort-60-Vegetable-Capsules/69603,0,0,100,Capsules
Willow bark	,"Rainbow Light, マグネシウム カルシウム+、 食品ベース処方、 180錠",https://jp.iherb.com/pr/Rainbow-Light-Magnesium-Calcium-Food-Based-Formula-180-Tablets/1767,0,0,100,Tablets
Willow bark	,"LifeSeasons, インフラマ-X、炎症サポート、植物性カプセル60錠",https://jp.iherb.com/pr/LifeSeasons-Inflamma-X-Inflammation-Support-60-Vegetarian-Capsules/83022,0,0,100,Capsules
Willow bark	,"21st Century, Arthri-Flex Advantage、+ Vitamin D3、180コーティング錠",https://jp.iherb.com/pr/21st-Century-Arthri-Flex-Advantage-Vitamin-D3-180-Coated-Tablets/14193,0,0,100,Tablets
Willow bark	,"21st Century, アースリフレックス アドバンテージ（Arthri-Flex Advantage）, プラス ビタミンD3, 120錠（コーティング錠剤）",https://jp.iherb.com/pr/21st-Century-Arthri-Flex-Advantage-Vitamin-D3-120-Coated-Tablets/37348,0,0,100,Tablets
Willow bark	,"NATURELO, 50歳以上の女性用ホールフードマルチビタミン、植物性カプセル120粒",https://jp.iherb.com/pr/NATURELO-Whole-Food-Multivitamin-for-Women-50-120-Vegetarian-Capsules/97679,0,0,100,Capsules
Willow bark	,"Solaray, Super IbuActin, Maximum Strength, 60 Liquid VegCaps",https://jp.iherb.com/pr/Solaray-Super-IbuActin-Maximum-Strength-60-Liquid-VegCaps/98962,0,0,100,Not Found
Willow bark	,"Solaray, Extra-Strength IbuActin, 60 VegCaps",https://jp.iherb.com/pr/Solaray-Extra-Strength-IbuActin-60-VegCaps/34856,0,0,100,Not Found
Willow bark	,"Solaray, Extra-Strength IbuActin PM, 90 Vegetarian Capsules",https://jp.iherb.com/pr/Solaray-Extra-Strength-IbuActin-PM-90-Vegetarian-Capsules/98973,0,0,100,Capsules
Willow bark	,"BioTech, CelluRid™（セルリド）、セルライト コントロール システム、60 カプセル",https://jp.iherb.com/pr/BioTech-CelluRid-60-Capsules/9301,0,0,100,Capsules
Willow bark	,"Natural Factors, クルクミンリッチ、ジョイントクルクマイザー、ベジタリアンカプセル60錠",https://jp.iherb.com/pr/Natural-Factors-CurcuminRich-Joint-Curcumizer-60-Vegetarian-Capsules/71120,0,0,100,Capsules
Citrulline	,"California Gold Nutrition, L-シトルリン、500mg、植物性カプセル60粒",https://jp.iherb.com/pr/California-Gold-Nutrition-L-Citrulline-500-mg-60-Veggie-Capsules/72316,0,0,100,Capsules
Citrulline	,"Jarrow Formulas, L-シトルリン, 60錠",https://jp.iherb.com/pr/Jarrow-Formulas-L-Citrulline-60-Tablets/56613,0,0,100,Tablets
Citrulline	,"Now Foods, L-シトルリン、1,200mg、120錠",https://jp.iherb.com/pr/Now-Foods-L-Citrulline-1-200-mg-120-Tablets/59155,0,0,100,Tablets
Citrulline	,"Jarrow Formulas, アルギニン・シトルリン・サステイン、タブレット120粒",https://jp.iherb.com/pr/Jarrow-Formulas-Arginine-Citrulline-Sustain-120-Tablets/79953,0,0,100,Tablets
Citrulline	,"Now Foods, L-シトルリン、750 mg、ベジカプセル 90錠",https://jp.iherb.com/pr/Now-Foods-L-Citrulline-750-mg-90-Veg-Capsules/6688,0,0,100,Capsules
Citrulline	,"Kaged Muscle, Citrulline, Unflavored, 7.05 oz (200 g)",https://jp.iherb.com/pr/Kaged-Muscle-Citrulline-Unflavored-7-05-oz-200-g/71084,0,0,100,Not Found
Citrulline	,"Now Foods, L-シトルリン, 750 mg, ベジカプセル180錠",https://jp.iherb.com/pr/Now-Foods-L-Citrulline-750-mg-180-Veg-Capsules/14209,0,0,100,Capsules
Citrulline	,"Doctor's Best, L-シトルリンパウダー、7 oz (200 g)",https://jp.iherb.com/pr/Doctor-s-Best-L-Citrulline-Powder-7-oz-200-g/69214,0,0,100,Not Found
Citrulline	,"Source Naturals, L-シトルリン, 500 mg, 120 カプセル",https://jp.iherb.com/pr/Source-Naturals-L-Citrulline-500-mg-120-Capsules/6861,0,0,100,Capsules
Citrulline	,"Source Naturals, L-シトルリン、 1000 mg、 60タブレット",https://jp.iherb.com/pr/Source-Naturals-L-Citrulline-1000-mg-60-Tablets/7931,0,0,100,Tablets
Citrulline	,"Source Naturals, L-アルギニン L-シトルリンコンプレックス、 1000 mg、 120錠",https://jp.iherb.com/pr/Source-Naturals-L-Arginine-L-Citrulline-Complex-1-000-mg-120-Tablets/8103,0,0,100,Tablets
Citrulline	,"Source Naturals, L-アルギニンL-シトルリン複合体, 1,000 mg, 240錠",https://jp.iherb.com/pr/Source-Naturals-L-Arginine-L-Citrulline-Complex-1-000-mg-240-Tablets/19144,0,0,100,Tablets
Citrulline	,"Now Foods, つぽーつ,アルギニン&シトルリンパウダー,340g（12 oz）",https://jp.iherb.com/pr/Now-Foods-Sports-Arginine-Citrulline-Powder-12-oz-340-g/85183,0,0,100,Not Found
Citrulline	,"Source Naturals, L-シトルリン、フリーフォーム、 タブレット 120 錠",https://jp.iherb.com/pr/Source-Naturals-L-Citrulline-Free-Form-120-Tablets/22644,0,0,100,Tablets
Citrulline	,"Now Foods, L‐シトルリン, ピュアパウダー, 4 オンス（113 g）",https://jp.iherb.com/pr/Now-Foods-L-Citrulline-Pure-Powder-4-oz-113-g/15501,0,0,100,Not Found
Citrulline	,"Now Foods, スポーツ, アルギニン & シトルリン, 500 mg /250 mg, 120植物カプセル",https://jp.iherb.com/pr/Now-Foods-Sports-Arginine-Citrulline-500-mg-250-mg-120-Veg-Capsules/16279,0,0,100,Capsules
Citrulline	,"Now Foods, Sports, Arginine & Citrulline, 500 mg /250 mg, 240 Veg Capsules",https://jp.iherb.com/pr/Now-Foods-Sports-Arginine-Citrulline-240-Veg-Capsules/78202,0,0,100,Capsules
Citrulline	,"EVLution Nutrition, L-CITRULLINE2000, 7.1 oz (200 g)",https://jp.iherb.com/pr/EVLution-Nutrition-L-Citrulline-2000-7-1-oz-200-g/87131,0,0,100,Not Found
Citrulline	,"RSP Nutrition, Pump Boost Pre-Workout, Unflavored, 4.8 oz (138 g)",https://jp.iherb.com/pr/RSP-Nutrition-Pump-Boost-Pre-Workout-Unflavored-4-8-oz-138-g/84608,0,0,100,Not Found
Citrulline	,"RSP Nutrition, Pump Boost Pre-Workout, Blue Raspberry, 6.4 oz (180 g)",https://jp.iherb.com/pr/RSP-Nutrition-Pump-Boost-Pre-Workout-Blue-Raspberry-6-4-oz-180-g/84610,0,0,100,Not Found
Citrulline	,"GAT, NITRAFLEX, Grape, 10.6 oz (300 g)",https://jp.iherb.com/pr/GAT-NITRAFLEX-Grape-10-6-oz-300-g/88380,0,0,100,Not Found
Citrulline	,"Muscletech, パフォーマンスシリーズ、VaporX5（ヴェイパーX5）リップド、ストロベリーライムエード、184g（6.50オンス）",https://jp.iherb.com/pr/Muscletech-Performance-Series-VaporX5-Ripped-Strawberry-Limeade-6-50-oz-184-g/74288,0,0,100,Not Found
Citrulline	,"GAT, NITRAFLEX, Peach Iced Tea, 10.6 oz (300 g)",https://jp.iherb.com/pr/GAT-NITRAFLEX-Peach-Iced-Tea-10-6-oz-300-g/88381,0,0,100,Not Found
Citrulline	,"MusclePharm, レッケージ プレワークアウト、スイカ味、362.5g（12.79oz）",https://jp.iherb.com/pr/MusclePharm-Wreckage-Pre-Workout-Watermelon-12-79-oz-362-5-g/88697,0,0,100,Not Found
Arginine	,"California Gold Nutrition, L-アルギニン、AjiPure（アジピュア）、500mg、植物性カプセル60粒",https://jp.iherb.com/pr/California-Gold-Nutrition-L-Arginine-AjiPure-500-mg-60-Veggie-Caps/72313,0,0,100,Not Found
Arginine	,"Now Foods, L-アルギニン、500 mg、250カプセル",https://jp.iherb.com/pr/Now-Foods-L-Arginine-500-mg-250-Capsules/359,0,0,100,Capsules
Arginine	,"RSP Nutrition, L-アルギニン、一酸化窒素前駆体、750mg、カプセル100粒",https://jp.iherb.com/pr/RSP-Nutrition-L-Arginine-100-Capsules/77969,0,0,100,Capsules
Arginine	,"21st Century, L-アルギニン、1000mg、100錠",https://jp.iherb.com/pr/21st-Century-L-Arginine-1-000-mg-100-Tablets/43878,0,0,100,Tablets
Arginine	,"Natrol, L-Arginine, 3,000 mg, 90 Tablets",https://jp.iherb.com/pr/Natrol-L-Arginine-3-000-mg-90-Tablets/13883,0,0,100,Tablets
Arginine	,"Jarrow Formulas, アルギニン、1000 mg、100 粒",https://jp.iherb.com/pr/Jarrow-Formulas-Arginine-1000-mg-100-Tablets/146,0,0,100,Tablets
Arginine	,"Now Foods, L-Arginine, Double Strength, 1,000 mg, 120 Tablets",https://jp.iherb.com/pr/Now-Foods-L-Arginine-1-000-mg-120-Tablets/411,0,0,100,Tablets
Arginine	,"Jarrow Formulas, アルギニン + オルニチン, 750 mg, 100 Easy-Solv 粒",https://jp.iherb.com/pr/Jarrow-Formulas-Arginine-Ornithine-750-mg-100-Tablets/24639,0,0,100,Tablets
Arginine	,"Jarrow Formulas, アルギニン・シトルリン・サステイン、タブレット120粒",https://jp.iherb.com/pr/Jarrow-Formulas-Arginine-Citrulline-Sustain-120-Tablets/79953,0,0,100,Tablets
Arginine	,"ALLMAX Nutrition, Arginine HCI, 14 oz (400 g)",https://jp.iherb.com/pr/ALLMAX-Nutrition-Arginine-HCI-14-oz-400-g/67672,0,0,100,Not Found
Arginine	,"Solgar, L-Arginine, Free Form, 1,000 mg, 90 Tablets",https://jp.iherb.com/pr/Solgar-L-Arginine-Free-Form-1-000-mg-90-Tablets/22420,0,0,100,Tablets
Arginine	,"GAT, L-Arginine, Free Form, 180 Tablets",https://jp.iherb.com/pr/GAT-L-Arginine-Free-Form-180-Tablets/71054,0,0,100,Tablets
Arginine	,"Mason Natural, L-アルギニンとマカでの静脈勃起, 80カプセル",https://jp.iherb.com/pr/Mason-Natural-Vein-Erect-with-L-Arginine-and-Maca-80-Capsules/55458,0,0,100,Capsules
Arginine	,"Doctor's Best, ピュアなLアルギニンパウダー, 10.6オンス（300グラム）",https://jp.iherb.com/pr/Doctor-s-Best-Pure-L-Arginine-Powder-10-6-oz-300-g/63469,0,0,100,Not Found
Arginine	,"Life Extension, L-アルギニンカプセル、700 mg、200ベジタリアンカプセル",https://jp.iherb.com/pr/Life-Extension-L-Arginine-Caps-700-mg-200-Vegetarian-Capsules/42385,0,0,100,Capsules
Arginine	,"Now Foods, L-Arginine, 700 mg, 180 Veg Capsules",https://jp.iherb.com/pr/Now-Foods-L-Arginine-700-mg-180-Veg-Capsules/99027,0,0,100,Capsules
Arginine	,"Source Naturals, L-アルギニン、フリーフォーム、500 mg、カプセル100個",https://jp.iherb.com/pr/Source-Naturals-L-Arginine-Free-Form-500-mg-100-Capsules/996,0,0,100,Capsules
Arginine	,"Source Naturals, L-アルギニン、フリーフォーム、1000 mg、100 錠",https://jp.iherb.com/pr/Source-Naturals-L-Arginine-Free-Form-1000-mg-100-Tablets/2499,0,0,100,Tablets
Arginine	,"Muscletech, プラチナ100％L-アルギニン、1,000mg、100粒",https://jp.iherb.com/pr/Muscletech-Platinum-100-L-Arginine-1-000-mg-100-Caplets/96950,0,0,100,Not Found
Arginine	,"Source Naturals, L-アルギニン L-シトルリンコンプレックス、 1000 mg、 120錠",https://jp.iherb.com/pr/Source-Naturals-L-Arginine-L-Citrulline-Complex-1-000-mg-120-Tablets/8103,0,0,100,Tablets
Arginine	,"Source Naturals, L-アルギニンL-シトルリン複合体, 1,000 mg, 240錠",https://jp.iherb.com/pr/Source-Naturals-L-Arginine-L-Citrulline-Complex-1-000-mg-240-Tablets/19144,0,0,100,Tablets
Arginine	,"Country Life, L-Arginine Caps, 500 mg, 100 Vegan Capsules",https://jp.iherb.com/pr/Country-Life-L-Arginine-Caps-500-mg-100-Vegan-Capsules/1649,0,0,100,Capsules
Arginine	,"Now Foods, つぽーつ,アルギニン&シトルリンパウダー,340g（12 oz）",https://jp.iherb.com/pr/Now-Foods-Sports-Arginine-Citrulline-Powder-12-oz-340-g/85183,0,0,100,Not Found
Arginine	,"Now Foods, Sports, Arginine & Ornithine, 500 mg /250 mg, 250 Capsules",https://jp.iherb.com/pr/Now-Foods-Sports-Arginine-Ornithine-500-mg-250-mg-250-Capsules/362,0,0,100,Capsules
Arginine	,"California Gold Nutrition, L-アルギニン、AjiPure（アジピュア）、500mg、植物性カプセル60粒",https://jp.iherb.com/pr/California-Gold-Nutrition-L-Arginine-AjiPure-500-mg-60-Veggie-Caps/72313,0,0,100,Not Found
Arginine	,"Now Foods, L-アルギニン、500 mg、250カプセル",https://jp.iherb.com/pr/Now-Foods-L-Arginine-500-mg-250-Capsules/359,0,0,100,Capsules
Arginine	,"RSP Nutrition, L-アルギニン、一酸化窒素前駆体、750mg、カプセル100粒",https://jp.iherb.com/pr/RSP-Nutrition-L-Arginine-100-Capsules/77969,0,0,100,Capsules
Arginine	,"21st Century, L-アルギニン、1000mg、100錠",https://jp.iherb.com/pr/21st-Century-L-Arginine-1-000-mg-100-Tablets/43878,0,0,100,Tablets
Arginine	,"Natrol, L-Arginine, 3,000 mg, 90 Tablets",https://jp.iherb.com/pr/Natrol-L-Arginine-3-000-mg-90-Tablets/13883,0,0,100,Tablets
Arginine	,"Jarrow Formulas, アルギニン、1000 mg、100 粒",https://jp.iherb.com/pr/Jarrow-Formulas-Arginine-1000-mg-100-Tablets/146,0,0,100,Tablets
Arginine	,"Now Foods, L-Arginine, Double Strength, 1,000 mg, 120 Tablets",https://jp.iherb.com/pr/Now-Foods-L-Arginine-1-000-mg-120-Tablets/411,0,0,100,Tablets
Arginine	,"Jarrow Formulas, アルギニン + オルニチン, 750 mg, 100 Easy-Solv 粒",https://jp.iherb.com/pr/Jarrow-Formulas-Arginine-Ornithine-750-mg-100-Tablets/24639,0,0,100,Tablets
Arginine	,"Jarrow Formulas, アルギニン・シトルリン・サステイン、タブレット120粒",https://jp.iherb.com/pr/Jarrow-Formulas-Arginine-Citrulline-Sustain-120-Tablets/79953,0,0,100,Tablets
Arginine	,"ALLMAX Nutrition, Arginine HCI, 14 oz (400 g)",https://jp.iherb.com/pr/ALLMAX-Nutrition-Arginine-HCI-14-oz-400-g/67672,0,0,100,Not Found
Arginine	,"Solgar, L-Arginine, Free Form, 1,000 mg, 90 Tablets",https://jp.iherb.com/pr/Solgar-L-Arginine-Free-Form-1-000-mg-90-Tablets/22420,0,0,100,Tablets
Arginine	,"GAT, L-Arginine, Free Form, 180 Tablets",https://jp.iherb.com/pr/GAT-L-Arginine-Free-Form-180-Tablets/71054,0,0,100,Tablets
Arginine	,"Mason Natural, L-アルギニンとマカでの静脈勃起, 80カプセル",https://jp.iherb.com/pr/Mason-Natural-Vein-Erect-with-L-Arginine-and-Maca-80-Capsules/55458,0,0,100,Capsules
Arginine	,"Doctor's Best, ピュアなLアルギニンパウダー, 10.6オンス（300グラム）",https://jp.iherb.com/pr/Doctor-s-Best-Pure-L-Arginine-Powder-10-6-oz-300-g/63469,0,0,100,Not Found
Arginine	,"Life Extension, L-アルギニンカプセル、700 mg、200ベジタリアンカプセル",https://jp.iherb.com/pr/Life-Extension-L-Arginine-Caps-700-mg-200-Vegetarian-Capsules/42385,0,0,100,Capsules
Arginine	,"Now Foods, L-Arginine, 700 mg, 180 Veg Capsules",https://jp.iherb.com/pr/Now-Foods-L-Arginine-700-mg-180-Veg-Capsules/99027,0,0,100,Capsules
Arginine	,"Source Naturals, L-アルギニン、フリーフォーム、500 mg、カプセル100個",https://jp.iherb.com/pr/Source-Naturals-L-Arginine-Free-Form-500-mg-100-Capsules/996,0,0,100,Capsules
Arginine	,"Source Naturals, L-アルギニン、フリーフォーム、1000 mg、100 錠",https://jp.iherb.com/pr/Source-Naturals-L-Arginine-Free-Form-1000-mg-100-Tablets/2499,0,0,100,Tablets
Arginine	,"Muscletech, プラチナ100％L-アルギニン、1,000mg、100粒",https://jp.iherb.com/pr/Muscletech-Platinum-100-L-Arginine-1-000-mg-100-Caplets/96950,0,0,100,Not Found
Arginine	,"Source Naturals, L-アルギニン L-シトルリンコンプレックス、 1000 mg、 120錠",https://jp.iherb.com/pr/Source-Naturals-L-Arginine-L-Citrulline-Complex-1-000-mg-120-Tablets/8103,0,0,100,Tablets
Arginine	,"Source Naturals, L-アルギニンL-シトルリン複合体, 1,000 mg, 240錠",https://jp.iherb.com/pr/Source-Naturals-L-Arginine-L-Citrulline-Complex-1-000-mg-240-Tablets/19144,0,0,100,Tablets
Arginine	,"Country Life, L-Arginine Caps, 500 mg, 100 Vegan Capsules",https://jp.iherb.com/pr/Country-Life-L-Arginine-Caps-500-mg-100-Vegan-Capsules/1649,0,0,100,Capsules
Arginine	,"Now Foods, つぽーつ,アルギニン&シトルリンパウダー,340g（12 oz）",https://jp.iherb.com/pr/Now-Foods-Sports-Arginine-Citrulline-Powder-12-oz-340-g/85183,0,0,100,Not Found
Arginine	,"Now Foods, Sports, L-Arginine Powder, 2.2 lbs (1 kg)",https://jp.iherb.com/pr/Now-Foods-Sports-L-Arginine-Powder-2-2-lbs-1-kg/15100,0,0,100,Not Found
DHA	,"California Gold Nutrition, 子ども用DHAチュアブル、100％ワイルドホッキョクタラ、ストロベリーレモン風味、魚ゼラチンソフトジェル180粒",https://jp.iherb.com/pr/California-Gold-Nutrition-Children-s-DHA-Chewables-100-Wild-Arctic-Cod-Strawberry-Lemon-Flavor-180-Fish-Gelatin-Softgels/70956,0,0,100,Softgels
DHA	,"California Gold Nutrition, DHA 700フィッシュオイル、医薬品グレード、1,000mg、魚ゼラチンソフトジェル30粒",https://jp.iherb.com/pr/California-Gold-Nutrition-DHA-700-Fish-Oil-Pharmaceutical-Grade-1-000-mg-30-Fish-Gelatin-Softgels/82846,0,0,100,Softgels
DHA	,"Lake Avenue Nutrition, 藻類由来DHA、植物性オメガ、200mg、植物性ソフトジェル60粒",https://jp.iherb.com/pr/Lake-Avenue-Nutrition-DHA-from-Marine-Algae-Vegetarian-Omega-200-mg-60-Veggie-Softgels/97412,0,0,100,Softgels
DHA	,"California Gold Nutrition, Prenatal DHA for Pregnant & Nursing Mothers, 900 mg Per Serving, 60 Softgels",https://jp.iherb.com/pr/California-Gold-Nutrition-Prenatal-DHA-for-Pregnant-Nursing-Mothers-900-mg-Per-Serving-60-Softgels/88811,0,0,100,Softgels
DHA	,"Jarrow Formulas, マックスDHA、 180ソフトジェル",https://jp.iherb.com/pr/Jarrow-Formulas-Max-DHA-180-Softgels/252,0,0,100,Softgels
DHA	,"OmegaVia, DHA600、120錠",https://jp.iherb.com/pr/OmegaVia-DHA-600-120-Capsules/94910,0,0,100,Capsules
DHA	,"Now Foods, DHA-250, 120 Softgels",https://jp.iherb.com/pr/Now-Foods-DHA-250-120-Softgels/534,0,0,100,Softgels
DHA	,"Nordic Naturals, 藻類DHA、ソフトジェル60粒",https://jp.iherb.com/pr/Nordic-Naturals-Algae-DHA-60-Soft-Gels/91972,0,0,100,Softgels
DHA	,"Jarrow Formulas, マックスDHA、ソフトジェル90粒",https://jp.iherb.com/pr/Jarrow-Formulas-Max-DHA-90-Softgels/40615,0,0,100,Softgels
DHA	,"Jarrow Formulas, EPA-DHA Balance（EPA-DHAバランス）、ソフトジェル240粒",https://jp.iherb.com/pr/Jarrow-Formulas-EPA-DHA-Balance-240-Softgels/7929,0,0,100,Softgels
DHA	,"ChildLife, Pure DHA（ピュアDHA）、ナチュラルベリーフレーバー、ソフトジェル90錠",https://jp.iherb.com/pr/ChildLife-Pure-DHA-Natural-Berry-Flavor-90-Softgels/12573,0,0,100,Softgels
DHA	,"Now Foods, DHA-500/EPA-250、ダブル強度、180ソフトジェル",https://jp.iherb.com/pr/Now-Foods-DHA-500-EPA-250-Double-Strength-180-Softgels/10713,0,0,100,Softgels
DHA	,"Life Extension, Mega EPA/DHA, 120 Softgels",https://jp.iherb.com/pr/Life-Extension-Mega-EPA-DHA-120-Softgels/68440,0,0,100,Softgels
DHA	,"Jarrow Formulas, EPA-DHA Balance、ソフトジェル 120粒",https://jp.iherb.com/pr/Jarrow-Formulas-EPA-DHA-Balance-120-Softgels/4571,0,0,100,Softgels
DHA	,"Nordic Naturals, DHA、ストロベリー、500 mg, 180 Soft Gels",https://jp.iherb.com/pr/Nordic-Naturals-DHA-Strawberry-500-mg-180-Soft-Gels/23074,0,0,100,Softgels
DHA	,"Nordic Naturals, DHA, イチゴ味, 500 mg, 90粒（ソフトゼリー）",https://jp.iherb.com/pr/Nordic-Naturals-DHA-Strawberry-500-mg-90-Soft-Gels/7051,0,0,100,Softgels
DHA	,"Nordic Naturals, DHA Xtra、ストロベリー、1,000 mg、60ソフトジェル",https://jp.iherb.com/pr/Nordic-Naturals-DHA-Xtra-Strawberry-1-000-mg-60-Soft-Gels/30241,0,0,100,Softgels
DHA	,"Now Foods, Kid's Chewable DHA, Tasty Fruit Flavor, 60 Softgels",https://jp.iherb.com/pr/Now-Foods-Kid-s-Chewable-DHA-Tasty-Fruit-Flavor-60-Softgels/16274,0,0,100,Softgels
DHA	,"21st Century, Zoo Friends, Smart Kids, Omega Plus DHA, 60 Gummies",https://jp.iherb.com/pr/21st-Century-Zoo-Friends-Smart-Kids-Omega-Plus-DHA-60-Gummies/61571,0,0,100,Not Found
DHA	,"Now Foods, オメガ3、180 EPA／120 DHA、ソフトジェル200粒",https://jp.iherb.com/pr/Now-Foods-Omega-3-180-EPA-120-DHA-200-Softgels/323,0,0,100,Softgels
DHA	,"GummiKing, Omega-3 DHA + EPA for Kids, Strawberry, Orange and Lemon, 60 Gummies",https://jp.iherb.com/pr/GummiKing-DHA-Omega-3-Gummi-for-Kids-60-Gummies/34013,0,0,100,Not Found
DHA	,"Nature's Way, EfaGold,メガ-DHA, 1000 mg, 60 ソフトジェルカプセル",https://jp.iherb.com/pr/Nature-s-Way-EfaGold-Mega-DHA-1000-mg-60-Softgels/5019,0,0,100,Softgels
DHA	,"VitaFusion, オメガ3、EPA / DHA、120グミ",https://jp.iherb.com/pr/VitaFusion-Omega-3-EPA-DHA-120-Gummies/71432,0,0,100,Not Found
DHA	,"Flora, DHAベジタリアン藻類、ベジタリアンソフトゲル60錠",https://jp.iherb.com/pr/Flora-DHA-Vegetarian-Algae-60-Vegetarian-Softgels/37032,0,0,100,Softgels
EPA	,"California Gold Nutrition, オメガ3、プレミアムフィッシュオイル、魚ゼラチンソフトジェル100粒",https://jp.iherb.com/pr/California-Gold-Nutrition-Omega-3-Premium-Fish-Oil-100-Fish-Gelatin-Softgels/62118,0,0,100,Softgels
EPA	,"California Gold Nutrition, オメガ-3、プレミアムフィッシュオイル、魚ゼラチンソフトジェル240粒",https://jp.iherb.com/pr/California-Gold-Nutrition-Omega-3-Premium-Fish-Oil-240-Fish-Gelatin-Softgels/86598,0,0,100,Softgels
EPA	,"California Gold Nutrition, オメガ800、医薬グレードフィッシュオイル、80％EPA / DHA、トリグリセリド形態、ドイツ加工品、コレステロールフリー、1000mg、90魚ゼラチンソフトゲル",https://jp.iherb.com/pr/California-Gold-Nutrition-Omega-800-by-Madre-Labs-Pharmaceutical-Grade-Fish-Oil-80-EPA-DHA-Triglyceride-Form-1000-mg-90-Fish-Gelatin-Softgels/85180,0,0,100,Softgels
EPA	,"California Gold Nutrition, Omega 800 by Madre Labs, Pharmaceutical Grade Fish Oil, 80% EPA/DHA, Triglyceride Form, 1,000 mg, 30 Fish Gelatin Softgels",https://jp.iherb.com/pr/California-Gold-Nutrition-Omega-800-by-Madre-Labs-Pharmaceutical-Grade-Fish-Oil-80-EPA-DHA-Triglyceride-Form-1-000-mg-30-Fish-Gelatin-Softgels/82845,0,0,100,Softgels
EPA	,"Thorne Research, スーパーEPA、EPA＆DHA、ジェルキャップ90粒",https://jp.iherb.com/pr/Thorne-Research-Super-EPA-EPA-DHA-90-Gelcaps/18682,0,0,100,Not Found
EPA	,"Jarrow Formulas, EPA-DHA Balance（EPA-DHAバランス）、ソフトジェル240粒",https://jp.iherb.com/pr/Jarrow-Formulas-EPA-DHA-Balance-240-Softgels/7929,0,0,100,Softgels
EPA	,"Thorne Research, スーパーEPA、EPA & DHA、ゲルカプセル90個",https://jp.iherb.com/pr/Thorne-Research-Super-EPA-EPA-DHA-90-Gelcaps/85477,0,0,100,Not Found
EPA	,"OmegaVia, EPA500、ピュアEPAオメガ3、120錠",https://jp.iherb.com/pr/OmegaVia-EPA-500-Pure-EPA-Omega-3-120-Capsules/94909,0,0,100,Capsules
EPA	,"Life Extension, Mega EPA/DHA, 120 Softgels",https://jp.iherb.com/pr/Life-Extension-Mega-EPA-DHA-120-Softgels/68440,0,0,100,Softgels
EPA	,"Jarrow Formulas, EPA-DHA Balance、ソフトジェル 120粒",https://jp.iherb.com/pr/Jarrow-Formulas-EPA-DHA-Balance-120-Softgels/4571,0,0,100,Softgels
EPA	,"Now Foods, オメガ3、180 EPA／120 DHA、ソフトジェル200粒",https://jp.iherb.com/pr/Now-Foods-Omega-3-180-EPA-120-DHA-200-Softgels/323,0,0,100,Softgels
EPA	,"VitaFusion, オメガ3、EPA / DHA、120グミ",https://jp.iherb.com/pr/VitaFusion-Omega-3-EPA-DHA-120-Gummies/71432,0,0,100,Not Found
EPA	,"Now Foods, オメガ-3,　分子蒸留, コレステロールフリー, 500 ソフトジェル",https://jp.iherb.com/pr/Now-Foods-Omega-3-180-EPA-120-DHA-500-Softgels/18104,0,0,100,Softgels
EPA	,"Now Foods, スーパーオメガEPA、倍強度、240ソフトジェル",https://jp.iherb.com/pr/Now-Foods-Super-Omega-EPA-Molecularly-Distilled-240-Softgels/8305,0,0,100,Softgels
EPA	,"Solgar, オメガ-3 EPA & DHA、トリプルストレングス。950 mg、100ソフトジェル",https://jp.iherb.com/pr/Solgar-Omega-3-EPA-DHA-Triple-Strength-950-mg-100-Softgels/26738,0,0,100,Softgels
EPA	,"Now Foods, DHA-500/EPA-250、ダブル強度、180ソフトジェル",https://jp.iherb.com/pr/Now-Foods-DHA-500-EPA-250-Double-Strength-180-Softgels/10713,0,0,100,Softgels
EPA	,"Now Foods, ウルトラオメガ3、500 EPA/250 DHA、ソフトジェル90粒",https://jp.iherb.com/pr/Now-Foods-Ultra-Omega-3-500-EPA-250-DHA-90-Softgels/76073,0,0,100,Softgels
EPA	,"Nordic Naturals, EPA、 レモン、 1000 mg、 ソフトジェル60錠",https://jp.iherb.com/pr/Nordic-Naturals-EPA-Lemon-1000-mg-60-Soft-Gels/4198,0,0,100,Softgels
EPA	,"Now Foods, スーパーEPA、分子的蒸留、120ソフトジェル",https://jp.iherb.com/pr/Now-Foods-Super-Omega-EPA-Molecularly-Distilled-120-Softgels/858,0,0,100,Softgels
EPA	,"Thorne Research, スーパーEPAプロ、 120ジェルキャップ",https://jp.iherb.com/pr/Thorne-Research-Super-EPA-Pro-120-Gelcaps/38044,0,0,100,Not Found
EPA	,"Country Life, ウルトラオメガDHA/EPA, 120ソフトゼリー",https://jp.iherb.com/pr/Country-Life-Ultra-Omegas-DHA-EPA-120-Softgels/1748,0,0,100,Softgels
EPA	,"Nordic Naturals, EPA エクストラ, レモン, 1000 mg, 60 ソフトカプセル",https://jp.iherb.com/pr/Nordic-Naturals-EPA-Xtra-Lemon-1000-mg-60-Soft-Gels/4186,0,0,100,Softgels
EPA	,"Solgar, オメガ3、EPA＆DHA、トリプルストレングス、950mg、ソフトゲル50錠",https://jp.iherb.com/pr/Solgar-Omega-3-EPA-DHA-Triple-Strength-950-mg-50-Softgels/14918,0,0,100,Softgels
EPA	,"Life Extension, クリアリーEPA/DHAフィッシュオイル、ソフトジェル120錠",https://jp.iherb.com/pr/Life-Extension-Clearly-EPA-DHA-Fish-Oil-120-Softgels/95089,0,0,100,Softgels
HMB	,"Life Extension, ウェルネスコード、筋力・回復フォーミュラ、3.32 oz (94.2 g)",https://jp.iherb.com/pr/Life-Extension-Wellness-Code-Muscle-Strength-Restore-Formula-3-32-oz-94-2-g/86013,0,0,100,Not Found
HMB	,"Homeolab USA, Kids Relief, Pain & Fever Oral Liquid, Cherry Flavor, For Kids 0-12 Yrs, 0.85 fl oz (25 ml)",https://jp.iherb.com/pr/Homeolab-USA-Kids-Relief-Pain-Fever-Oral-Liquid-Cherry-Flavor-For-Kids-0-12-Yrs-0-85-fl-oz-25-ml/28575,0,0,100,Not Found
HMB	,"Homeolab USA, Kids Relief, Cough & Cold Syrup, Nighttime Formula, For Kids 0-12 Yrs, 3.4 fl oz (100 ml)",https://jp.iherb.com/pr/Homeolab-USA-Kids-Relief-Cough-Cold-Syrup-Nighttime-Formula-For-Kids-0-12-Yrs-3-4-fl-oz-100-ml/90756,0,0,100,Not Found
HMB	,"Homeolab USA, Kids Relief, Cough & Cold Syrup, For Kids 0-12 Yrs, 3.4 fl oz (100 ml)",https://jp.iherb.com/pr/Homeolab-USA-Kids-Relief-Cough-Cold-Syrup-For-Kids-0-12-Yrs-3-4-fl-oz-100-ml/28569,0,0,100,Not Found
HMB	,"Homeolab USA, Kid's Relief, Throat Ease Syrup, 0-12 Yrs, 3.4 fl oz (100 ml)",https://jp.iherb.com/pr/Homeolab-USA-Kid-s-Relief-Throat-Ease-Syrup-0-12-Yrs-3-4-fl-oz-100-ml/99951,0,0,100,Not Found
HMB	,"Homeolab USA, Kids Relief, Ear Relief Oral Liquid, Grape Flavor, For Kids 0-9 Yrs, 0.85 fl oz (25 ml)",https://jp.iherb.com/pr/Homeolab-USA-Kids-Relief-Ear-Relief-Oral-Liquid-Grape-Flavor-For-Kids-0-9-Yrs-0-85-fl-oz-25-ml/28570,0,0,100,Not Found
HMB	,"Homeolab USA, Kids Relief, Sinus Oral Liquid, Raspberry Flavor, For Kids 0-9 Yrs, 0.85 fl oz (25 ml)",https://jp.iherb.com/pr/Homeolab-USA-Kids-Relief-Sinus-Oral-Liquid-Raspberry-Flavor-For-Kids-0-9-Yrs-0-85-fl-oz-25-ml/98996,0,0,100,Not Found
glycine	,"California Gold Nutrition, フェロケル鉄（ビスグリシネート）、36 mg、植物性カプセル90粒",https://jp.iherb.com/pr/California-Gold-Nutrition-Ferrochel-Iron-Bisglycinate-36-mg-90-Veggie-Capsules/89592,0,0,100,Capsules
glycine	,"Thorne Research, グリシン、カプセル250粒",https://jp.iherb.com/pr/Thorne-Research-Glycine-250-Capsules/18505,0,0,100,Capsules
glycine	,"Thorne Research, モリブデングリシン酸塩、60カプセル",https://jp.iherb.com/pr/Thorne-Research-Molybdenum-Glycinate-60-Capsules/52664,0,0,100,Capsules
glycine	,"Metabolic Maintenance, マグネシウム・グリシネート、180 錠",https://jp.iherb.com/pr/Metabolic-Maintenance-Magnesium-Glycinate-180-Capsules/39106,0,0,100,Capsules
glycine	,"Thorne Research, ビスグリシン酸鉄, 60カプセル",https://jp.iherb.com/pr/Thorne-Research-Iron-Bisglycinate-60-Capsules/52838,0,0,100,Capsules
glycine	,"Now Foods, グリシン, 1,000 mg, 100植物性カプセル",https://jp.iherb.com/pr/Now-Foods-Glycine-1-000-mg-100-Veg-Capsules/18106,0,0,100,Capsules
glycine	,"Country Life, グリシン、 500 mg、 100タブレット",https://jp.iherb.com/pr/Country-Life-Glycine-500-mg-100-Tablets/1672,0,0,100,Tablets
glycine	,"Source Naturals, グリシン、500 mg、200カプセル",https://jp.iherb.com/pr/Source-Naturals-Glycine-500-mg-200-Capsules/1235,0,0,100,Capsules
glycine	,"Life Extension, グリシン、1,000 mg、100ベジタリアンカプセル",https://jp.iherb.com/pr/Life-Extension-Glycine-1-000-mg-100-Vegetarian-Capsules/47810,0,0,100,Capsules
glycine	,"Now Foods, グリシン酸亜鉛, 120ソフトジェル",https://jp.iherb.com/pr/Now-Foods-Zinc-Glycinate-120-Softgels/18419,0,0,100,Softgels
glycine	,"KAL, マグネシウムグリシネート400, 400 mg, 180錠",https://jp.iherb.com/pr/KAL-Magnesium-Glycinate-400-400-mg-180-Tablets/18943,0,0,100,Tablets
glycine	,"KAL, マグネシウムグリシネート400, 400 mg, 90錠",https://jp.iherb.com/pr/KAL-Magnesium-Glycinate-400-400-mg-90-Tablets/70143,0,0,100,Tablets
glycine	,"Solgar, グリシン, 500 mg, 100 べベジタブルカプセル",https://jp.iherb.com/pr/Solgar-Glycine-500-mg-100-Vegetable-Capsules/15193,0,0,100,Capsules
glycine	,"Solaray, Magnesium Glycinate, 400 mg, 120 VegCaps",https://jp.iherb.com/pr/Solaray-Magnesium-Glycinate-400-mg-120-VegCaps/21315,0,0,100,Not Found
glycine	,"Thorne Research, ビスグリシン酸マンガン、60カプセル",https://jp.iherb.com/pr/Thorne-Research-Manganese-Bisglycinate-60-Capsules/55063,0,0,100,Capsules
glycine	,"Thorne Research, ビスグリシン酸銅、カプセル60粒",https://jp.iherb.com/pr/Thorne-Research-Copper-Bisglycinate-60-Capsules/52665,0,0,100,Capsules
glycine	,"Solaray, グリシン酸マグネシウム、400mg、植物性カプセル240錠",https://jp.iherb.com/pr/Solaray-Magnesium-Glycinate-400-mg-240-Vegetarian-Capsules/85141,0,0,100,Capsules
glycine	,"Country Life, キレート化グリシン酸マグネシウム, 400 mg, 90錠",https://jp.iherb.com/pr/Country-Life-Chelated-Magnesium-Glycinate-400-mg-90-Tablets/75750,0,0,100,Tablets
glycine	,"Thorne Research, マグネシウム ビスグリシナート、8.4 oz (237 g)",https://jp.iherb.com/pr/Thorne-Research-Magnesium-Bisglycinate-8-4-oz-237-g/72886,0,0,100,Not Found
glycine	,"Now Foods, グリシン、ピュアパウダー、1ポンド（454 g）",https://jp.iherb.com/pr/Now-Foods-Glycine-Pure-Powder-1-lb-454-g/615,0,0,100,Not Found
glycine	,"Bluebonnet Nutrition, グリシン酸カリウム、90 ベジキャップ",https://jp.iherb.com/pr/Bluebonnet-Nutrition-Potassium-Glycinate-90-Vcaps/13578,0,0,100,Not Found
glycine	,"Now Foods, グリシン酸マグネシウム、180錠",https://jp.iherb.com/pr/Now-Foods-Magnesium-Glycinate-180-Tablets/88819,0,0,100,Tablets
glycine	,"Country Life, キレート化グリシン酸マグネシウム、400mg、180錠",https://jp.iherb.com/pr/Country-Life-Chelated-Magnesium-Glycinate-400-mg-180-Tablets/75751,0,0,100,Tablets
glycine	,"Jarrow Formulas, TMG、トリメチルグリシン、500 mg、120粒",https://jp.iherb.com/pr/Jarrow-Formulas-TMG-Trimethylglycine-500-mg-120-Tablets/141,0,0,100,Tablets
zinc	,"California Gold Nutrition, ピコリン酸亜鉛、50 mg、植物性カプセル120粒",https://jp.iherb.com/pr/California-Gold-Nutrition-Zinc-Picolinate-50-mg-120-Veggie-Capsules/91976,0,0,100,Capsules
zinc	,"Vitables, Zinc Plus for Children, Tangerine Flavor, 90 Lozenges",https://jp.iherb.com/pr/Vitables-Zinc-Plus-for-Children-Tangerine-Flavor-90-Lozenges/94815,0,0,100,Not Found
zinc	,"Solgar, キレート亜鉛, 250 タブレット",https://jp.iherb.com/pr/Solgar-Chelated-Zinc-250-Tablets/9588,0,0,100,Tablets
zinc	,"Jarrow Formulas, ジンクバランス、100粒",https://jp.iherb.com/pr/Jarrow-Formulas-Zinc-Balance-100-Capsules/278,0,0,100,Capsules
zinc	,"MegaFood, 亜鉛, 60 錠",https://jp.iherb.com/pr/MegaFood-Zinc-60-Tablets/4074,0,0,100,Tablets
zinc	,"21st Century, Zinc,  Chelated, 50 mg, 60 Tablets",https://jp.iherb.com/pr/21st-Century-Zinc-Chelated-50-mg-60-Tablets/100067,0,0,100,Tablets
zinc	,"Source Naturals, OptiZinc, 240錠",https://jp.iherb.com/pr/Source-Naturals-OptiZinc-240-Tablets/1361,0,0,100,Tablets
zinc	,"Now Foods, ジンクピコリネート、50mg、植物性カプセル120粒",https://jp.iherb.com/pr/Now-Foods-Zinc-Picolinate-50-mg-120-Veg-Capsules/878,0,0,100,Capsules
zinc	,"Thompson, 亜鉛、50mg、60タブレット",https://jp.iherb.com/pr/Thompson-Zinc-50-mg-60-Tablets/16116,0,0,100,Tablets
zinc	,"Mason Natural, 亜鉛、50 mg、100錠",https://jp.iherb.com/pr/Mason-Natural-Zinc-50-mg-100-Tablets/81381,0,0,100,Tablets
zinc	,"Natural Factors, クエン酸亜鉛, 15 mg, 90 錠",https://jp.iherb.com/pr/Natural-Factors-Zinc-Citrate-15-mg-90-Tablets/2670,0,0,100,Tablets
zinc	,"Country Life, Chelated Zinc, 50 mg, 100 Tablets",https://jp.iherb.com/pr/Country-Life-Chelated-Zinc-50-mg-100-Tablets/1753,0,0,100,Tablets
zinc	,"Thorne Research, 亜鉛ピコリン酸、15 mg、60カプセル",https://jp.iherb.com/pr/Thorne-Research-Zinc-Picolinate-15-mg-60-Capsules/18476,0,0,100,Capsules
zinc	,"Natural Factors, 亜鉛キレート、, 25 mg、90錠",https://jp.iherb.com/pr/Natural-Factors-Zinc-Chelate-25-mg-90-Tablets/2673,0,0,100,Tablets
zinc	,"Garden of Life, Vitamin Code, RAW Zinc, 60 Vegan Capsules",https://jp.iherb.com/pr/Garden-of-Life-Vitamin-Code-RAW-Zinc-60-Vegan-Capsules/46033,0,0,100,Capsules
zinc	,"Carlson Labs, Zinc, 15 mg, 100 Tablets",https://jp.iherb.com/pr/Carlson-Labs-Zinc-15-mg-100-Tablets/86469,0,0,100,Tablets
zinc	,"Thompson, 亜鉛ピコリン, 25 mg, 60 錠",https://jp.iherb.com/pr/Thompson-Zinc-Picolinate-25-mg-60-Tablets/16119,0,0,100,Tablets
zinc	,"Now Foods, グリシン酸亜鉛, 120ソフトジェル",https://jp.iherb.com/pr/Now-Foods-Zinc-Glycinate-120-Softgels/18419,0,0,100,Softgels
zinc	,"Doctor's Best, PepZin Gl、亜鉛-Lカルノシンコンプレックス、植物性粒 120粒",https://jp.iherb.com/pr/Doctor-s-Best-PepZin-GI-Zinc-L-Carnosine-Complex-120-Veggie-Caps/2467,0,0,100,Not Found
zinc	,"Eidon Mineral Supplements, 亜鉛, 原液, 2 oz (60 ml)",https://jp.iherb.com/pr/Eidon-Mineral-Supplements-Ionic-Minerals-Zinc-Liquid-Concentrate-2-oz-60-ml/26016,0,0,100,Not Found
zinc	,"Solaray, 亜鉛銅、ベジキャップ使用 100 錠",https://jp.iherb.com/pr/Solaray-Zinc-Copper-100-VegCaps/19000,0,0,100,Not Found
zinc	,"Country Life, Zinc Lozenges with Vitamin C, Cherry, 60 Lozenges",https://jp.iherb.com/pr/Country-Life-Zinc-Lozenges-with-Vitamin-C-Cherry-60-Lozenges/17364,0,0,100,Not Found
zinc	,"Solgar, ソルガー, ジンクピコリネート, 100錠",https://jp.iherb.com/pr/Solgar-Zinc-Picolinate-100-Tablets/10035,0,0,100,Tablets
zinc	,"Country Life, 亜鉛、 50 mg、 180タブレット",https://jp.iherb.com/pr/Country-Life-Target-Mins-Zinc-50-mg-180-Tablets/6385,0,0,100,Tablets
chromium	,"Now Foods, GTFクロム、200マイクログラム、250錠",https://jp.iherb.com/pr/Now-Foods-GTF-Chromium-200-mcg-250-Tablets/624,0,0,100,Tablets
chromium	,"Source Naturals, クロミウム、 200 mcg、 250タブレット",https://jp.iherb.com/pr/Source-Naturals-Chromium-200-mcg-250-Tablets/1069,0,0,100,Tablets
chromium	,"Solgar, Chromium Picolinate, 500 mcg, 120 Vegetable Capsules",https://jp.iherb.com/pr/Solgar-Chromium-Picolinate-500-mcg-120-Vegetable-Capsules/8561,0,0,100,Capsules
chromium	,"Thorne Research, クロミウムピコリネート、60カプセル",https://jp.iherb.com/pr/Thorne-Research-Chromium-Picolinate-60-Capsules/18450,0,0,100,Capsules
chromium	,"Jarrow Formulas, クロムGTF、200 mcg、100粒",https://jp.iherb.com/pr/Jarrow-Formulas-Chromium-GTF-200-mcg-100-Capsules/227,0,0,100,Capsules
chromium	,"21st Century, クロミウムピコリネート, 200 mcg, 100錠",https://jp.iherb.com/pr/21st-Century-Chromium-Picolinate-200-mcg-100-Tablets/14902,0,0,100,Tablets
chromium	,"Natural Factors, クロム & バナジウム, 125 mcg, 90カプセル",https://jp.iherb.com/pr/Natural-Factors-Chromium-Vanadium-125-mcg-90-Capsules/2537,0,0,100,Capsules
chromium	,"Now Foods, Chromium Picolinate, 200 mcg, 250 Veg Capsules",https://jp.iherb.com/pr/Now-Foods-Chromium-Picolinate-200-mcg-250-Veg-Capsules/508,0,0,100,Capsules
chromium	,"Natural Factors, クロミウム GTF キレート、500 mcg、90タブレット",https://jp.iherb.com/pr/Natural-Factors-Chromium-GTF-Chelate-500-mcg-90-Tablets/2553,0,0,100,Tablets
chromium	,"MegaFood, GTF クロミウム、タブレット 60 錠",https://jp.iherb.com/pr/MegaFood-GTF-Chromium-60-Tablets/4010,0,0,100,Tablets
chromium	,"Solgar, クロム・ニコチネート 200 mcg, 100 ベジカプセル",https://jp.iherb.com/pr/Solgar-Chromium-Polynicotinate-200-mcg-100-Vegetable-Capsules/14575,0,0,100,Capsules
chromium	,"Source Naturals, ピコリン酸クロム, 200 mcg, 240 錠",https://jp.iherb.com/pr/Source-Naturals-Chromium-Picolinate-200-mcg-240-Tablets/1070,0,0,100,Tablets
chromium	,"Thompson, ピコリン酸クロム、200 mcg、60錠",https://jp.iherb.com/pr/Thompson-Chromium-Picolinate-200-mcg-60-Tablets/15834,0,0,100,Tablets
chromium	,"Nature's Way, クロミウム・ピコリネート, 200 mcg, 100 カプセル",https://jp.iherb.com/pr/Nature-s-Way-Chromium-Picolinate-200-mcg-100-Capsules/1879,0,0,100,Capsules
chromium	,"Solgar, ピコリン酸クロム、200 mcg、植物性カプセル180粒",https://jp.iherb.com/pr/Solgar-Chromium-Picolinate-200-mcg-180-Vegetable-Capsules/48556,0,0,100,Capsules
chromium	,"MRM, 栄養、ピコリン酸クロム、200 mcg、植物性カプセル100粒",https://jp.iherb.com/pr/MRM-Nutrition-Chromium-Picolinate-200-mcg-100-Vegan-Capsules/41340,0,0,100,Capsules
chromium	,"Innate Response Formulas, GTF クロミウム、タブレット 90錠",https://jp.iherb.com/pr/Innate-Response-Formulas-GTF-Chromium-90-Tablets/30897,0,0,100,Tablets
chromium	,"Olympian Labs, Chromium Polynicotinate, 200 mcg, 100 Vegetarian Capsules",https://jp.iherb.com/pr/Olympian-Labs-Chromium-Polynicotinate-200-mcg-100-Vegetarian-Capsules/11026,0,0,100,Capsules
chromium	,"Country Life, Chromium Picolinate, 200 Vegetarian Capsules",https://jp.iherb.com/pr/Country-Life-Chromium-Picolinate-200-Vegetarian-Capsules/17410,0,0,100,Capsules
chromium	,"Nature's Way, GTF Chromium, 200 mcg, 100 Vegan Capsules",https://jp.iherb.com/pr/Nature-s-Way-GTF-Chromium-200-mcg-100-Vegan-Capsules/1918,0,0,100,Capsules
chromium	,"Source Naturals, ウルトラピコリン酸クロム500, 500 mcg, 120錠",https://jp.iherb.com/pr/Source-Naturals-Ultra-Chromium-Picolinate-500-500-mcg-120-Tablets/1412,0,0,100,Tablets
chromium	,"Now Foods, Tri-Chromium, 500 mcg, 180 Veg Capsules",https://jp.iherb.com/pr/Now-Foods-Tri-Chromium-500-mcg-180-Veg-Capsules/7258,0,0,100,Capsules
chromium	,"Source Naturals, クロームメート クロムGTF、 200 mcg、 240錠",https://jp.iherb.com/pr/Source-Naturals-Chromemate-Chromium-GTF-200-mcg-240-Tablets/1042,0,0,100,Tablets
chromium	,"Life Extension, Optimized Chromium with Crominex 3+, 500 mcg, 60 Vegetarian Capsules",https://jp.iherb.com/pr/Life-Extension-Optimized-Chromium-with-Crominex-3-500-mcg-60-Vegetarian-Capsules/29324,0,0,100,Capsules
selenium	,"Lake Avenue Nutrition, N-A-C, N-Acetyl Cysteine with Selenium & Molybdenum, 600 mg, 120 Veggie Capsules",https://jp.iherb.com/pr/Lake-Avenue-Nutrition-N-A-C-N-Acetyl-Cysteine-with-Selenium-Molybdenum-600-mg-120-Veggie-Capsules/97436,0,0,100,Capsules
selenium	,"California Gold Nutrition, セレン、酵母不使用、200mcg、植物性カプセル180粒",https://jp.iherb.com/pr/California-Gold-Nutrition-Selenium-Yeast-Free-200-mcg-180-Veggie-Capsules/90416,0,0,100,Capsules
selenium	,"Now Foods, Selenium, 100 mcg, 250 Tablets",https://jp.iherb.com/pr/Now-Foods-Selenium-100-mcg-250-Tablets/813,0,0,100,Tablets
selenium	,"Nature's Way, Selenium、200mcg、100粒",https://jp.iherb.com/pr/Nature-s-Way-Selenium-200-mcg-100-Capsules/4554,0,0,100,Capsules
selenium	,"Solgar, Selenium, 100 mcg, 100 Tablets",https://jp.iherb.com/pr/Solgar-Selenium-100-mcg-100-Tablets/48602,0,0,100,Tablets
selenium	,"Jarrow Formulas, セレニウムシナジー、60カプセル",https://jp.iherb.com/pr/Jarrow-Formulas-Selenium-Synergy-60-Capsules/169,0,0,100,Capsules
selenium	,"21st Century, セレン（セレニウム）, 200 mcg, 60カプセル",https://jp.iherb.com/pr/21st-Century-Selenium-200-mcg-60-Capsules/43823,0,0,100,Capsules
selenium	,"Life Extension, スーパーセレン複合体、100ベジタリアンカプセル",https://jp.iherb.com/pr/Life-Extension-Super-Selenium-Complex-100-Vegetarian-Capsules/46682,0,0,100,Capsules
selenium	,"MegaFood, DailyFoods、セレン、 60 錠",https://jp.iherb.com/pr/MegaFood-Selenium-60-Tablets/4079,0,0,100,Tablets
selenium	,"Nature's Bounty, セレン, 200 mcg, 100 錠",https://jp.iherb.com/pr/Nature-s-Bounty-Selenium-200-mcg-100-Tablets/32551,0,0,100,Tablets
selenium	,"Bluebonnet Nutrition, セレン、100 mcg、90ベジキャップ",https://jp.iherb.com/pr/Bluebonnet-Nutrition-Selenium-100-mcg-90-Vcaps/11514,0,0,100,Not Found
selenium	,"FutureBiotics, セレン, 200 mcg, 100カプセル",https://jp.iherb.com/pr/FutureBiotics-Selenium-200-mcg-100-Capsules/7382,0,0,100,Capsules
selenium	,"Country Life, セレン、 100 mcg、 180 錠",https://jp.iherb.com/pr/Country-Life-Selenium-100-mcg-180-Tablets/1757,0,0,100,Tablets
selenium	,"Now Foods, Selenium, 200 mcg, 180 Veg Capsules",https://jp.iherb.com/pr/Now-Foods-Selenium-200-mcg-180-Veg-Capsules/818,0,0,100,Capsules
selenium	,"Solaray, セレン、200mcg、植物性カプセル90粒",https://jp.iherb.com/pr/Solaray-Selenium-200-mcg-90-VegCaps/18957,0,0,100,Not Found
selenium	,"Solgar, セレニウム, 200 mcg, 250 タブレット",https://jp.iherb.com/pr/Solgar-Selenium-Yeast-Free-200-mcg-250-Tablets/10984,0,0,100,Tablets
selenium	,"Source Naturals, セレン, 100 mcg, 250 錠",https://jp.iherb.com/pr/Source-Naturals-Selenium-100-mcg-250-Tablets/1379,0,0,100,Tablets
selenium	,"MegaFood, E & セレン、タブレット 60 錠",https://jp.iherb.com/pr/MegaFood-E-Selenium-60-Tablets/4009,0,0,100,Tablets
selenium	,"Source Naturals, セレン, L-セレノメチオニンから, 200 mcg, 120錠",https://jp.iherb.com/pr/Source-Naturals-Selenium-From-L-Selenomethionine-200-mcg-120-Tablets/1408,0,0,100,Tablets
selenium	,"Carlson Labs, セレニウム、200mcg、180カプセル",https://jp.iherb.com/pr/Carlson-Labs-Selenium-200-mcg-180-Capsules/15793,0,0,100,Capsules
selenium	,"Bluebonnet Nutrition, Selenium,  Selenomethionine, 200 mcg, 90 Vegetable Capsules",https://jp.iherb.com/pr/Bluebonnet-Nutrition-Selenium-Selenomethionine-200-mcg-90-Vegetable-Capsules/15065,0,0,100,Capsules
selenium	,"Nutricology, セレニアムソリューション、 8液量オンス (236 ml)",https://jp.iherb.com/pr/Nutricology-Selenium-Solution-8-fl-oz-236-ml/17257,0,0,100,Not Found
selenium	,"Natural Factors, SelenoExcell®（セレノエクセル）、セレン、200mcg、90粒",https://jp.iherb.com/pr/Natural-Factors-SelenoExcell-Selenium-200-mcg-90-Capsules/2689,0,0,100,Capsules
selenium	,"Source Naturals, セレン, 200 mcg, 120 錠",https://jp.iherb.com/pr/Source-Naturals-Selenium-200-mcg-120-Tablets/1395,0,0,100,Tablets
protein	,"California Gold Nutrition, ホエイプロテインアイソレートベリーバニラ風味、908 g（2 lbs）",https://jp.iherb.com/pr/California-Gold-Nutrition-Very-Vanilla-Whey-Protein-Isolate-2-lbs-908-g/82689,0,0,100,Not Found
protein	,"California Gold Nutrition, ダークチョコレートホエイプロテインアイソレート、2,270 g（5 lbs）",https://jp.iherb.com/pr/California-Gold-Nutrition-Dark-Chocolate-Whey-Protein-Isolate-5-lbs-2270-g/84571,0,0,100,Not Found
protein	,"California Gold Nutrition, スポーツ、ホエイプロテインアイソレート、味付けなし、90%タンパク質、高速吸収、簡単に消化、米国ウィスコンシン州のグレードAの酪農場産原料のみ、75回分、5ポンド (2270 g)",https://jp.iherb.com/pr/California-Gold-Nutrition-SPORT-Whey-Protein-Isolate-Unflavored-90-Protein-Fast-Absorption-Easy-to-Digest-Single-Source-Grade-A-Wisconsin-USA-Dairy-75-Servings-5-lbs-2270-g/76479,0,0,100,Not Found
protein	,"California Gold Nutrition, SPORT、乳清タンパク質分離物、無香料、90％タンパク質、高吸収性、素早く消化する、ウイスコンシン州グレードA原料、USA乳製品、454g（1lb、16oz）",https://jp.iherb.com/pr/California-Gold-Nutrition-SPORT-Whey-Protein-Isolate-Unflavored-90-Protein-Fast-Absorption-Easy-to-Digest-Single-Source-Grade-A-Wisconsin-USA-Dairy-1-lb-16-oz-454-g/71031,0,0,100,Not Found
protein	,"Pure Protein, 100% Whey Protein, Vanilla Cream, 1 lb (453 g)",https://jp.iherb.com/pr/Pure-Protein-100-Whey-Protein-Vanilla-Cream-1-lb-453-g/90759,0,0,100,Not Found
protein	,"Pure Protein, 100% Whey Protein, Rich Chocolate, 1 lb (453 g)",https://jp.iherb.com/pr/Pure-Protein-100-Whey-Protein-Rich-Chocolate-1-lb-453-g/90760,0,0,100,Not Found
protein	,"Now Foods, 卵白プロテインパウダー、1.2ポンド (544 g)",https://jp.iherb.com/pr/Now-Foods-Egg-White-Protein-Protein-Powder-1-2-lbs-544-g/547,0,0,100,Not Found
protein	,"Julian Bakery, パレオプロテイン、卵白タンパク質、チョコレート、2ポンド (907 g)",https://jp.iherb.com/pr/Julian-Bakery-Paleo-Protein-Egg-White-Protein-Chocolate-2-lbs-907-g/77540,0,0,100,Not Found
protein	,"Julian Bakery, パレオプロテイン、卵白タンパク質、プレーン、2ポンド (907 g)",https://jp.iherb.com/pr/Julian-Bakery-Paleo-Protein-Egg-White-Protein-Unflavored-2-lbs-907-g/77542,0,0,100,Not Found
protein	,"Sprout Living, Simple Protein, Organic Plant Protein, Pumpkin Seed (Unflavored), 1 lb (454 g)",https://jp.iherb.com/pr/Sprout-Living-Simple-Protein-Organic-Plant-Protein-Pumpkin-Seed-Unflavored-1-lb-454-g/72488,0,0,100,Not Found
protein	,"ALLMAX Nutrition, オールホエイゴールド、100%のホエイプロテイン + 高品質ホエイプロテインアイソレート、 チョコレート、 2ポンド (907 g)",https://jp.iherb.com/pr/ALLMAX-Nutrition-AllWhey-Gold-100-Whey-Protein-Premium-Whey-Protein-Isolate-Chocolate-2-lbs-907-g/67621,0,0,100,Not Found
protein	,"Sprout Living, Simple Protein, Organic Plant Protein, Pea (Unflavored), 1 lb (440 g)",https://jp.iherb.com/pr/Sprout-Living-Simple-Protein-Organic-Plant-Protein-Pea-Unflavored-1-lb-440-g/86629,0,0,100,Not Found
protein	,"ALLMAX Nutrition, オールホエイ・ゴールド、100%ホエイプロテイン + プレミアム・ホエイプロテインアイソレート、ストロベリー、5ポンド (2.27 kg)",https://jp.iherb.com/pr/ALLMAX-Nutrition-AllWhey-Gold-100-Whey-Protein-Premium-Whey-Protein-Isolate-Strawberry-5-lbs-2-27-kg/67626,0,0,100,Not Found
protein	,"MusclePharm, コンバット、100％ホエイプロテイン、チョコレートミルク、2,269 g（5 lbs）",https://jp.iherb.com/pr/MusclePharm-Combat-100-Whey-Protein-Chocolate-Milk-5-lbs-2269-g/70913,0,0,100,Not Found
protein	,"Now Foods, ピープロテイン, ナチュラル 味付け無し, 2 lbs (907 g)",https://jp.iherb.com/pr/Now-Foods-Sports-Pea-Protein-Pure-Unflavored-2-lbs-907-g/9858,0,0,100,Not Found
protein	,"Sprout Living, Epic Protein, Organic Plant Protein + Superfoods, Original (Unflavored), 1 lb (455 g)",https://jp.iherb.com/pr/Sprout-Living-Epic-Protein-Organic-Plant-Protein-Superfoods-Original-Unflavored-1-lb-455-g/72485,0,0,100,Not Found
protein	,"ALLMAX Nutrition, オリーゴールド、100%オリータンパク質+プレミアムオリータンパク質アイソレート、ストロベリー、2ポンド(907g)",https://jp.iherb.com/pr/ALLMAX-Nutrition-AllWhey-Gold-100-Whey-Protein-Premium-Whey-Protein-Isolate-Strawberry-2-lbs-907-g/67625,0,0,100,Not Found
protein	,"MusclePharm, Combat Protein Powder, Banana Cream, 4 lbs (1814 g)",https://jp.iherb.com/pr/MusclePharm-Combat-Protein-Powder-Banana-Cream-4-lbs-1814-g/34900,0,0,100,Not Found
protein	,"Jarrow Formulas, 認定オーガニックエンドウ豆タンパク質、454 g（16 oz）",https://jp.iherb.com/pr/Jarrow-Formulas-Certified-Organic-Pea-Protein-16-oz-454-g/78109,0,0,100,Not Found
protein	,"Nature's Plus, 有機エンドウ豆プロテインパウダー、500g",https://jp.iherb.com/pr/Nature-s-Plus-Organic-Pea-Protein-Powder-1-10-lbs-500-g/72120,0,0,100,Not Found
protein	,"Sprout Living, Epic Protein, Organic Plant Protein + Superfoods, Chocolate Maca, 1 lb (455 g)",https://jp.iherb.com/pr/Sprout-Living-Epic-Protein-Organic-Plant-Protein-Superfoods-Chocolate-Maca-1-lb-455-g/72769,0,0,100,Not Found
protein	,"ALLMAX Nutrition, オールホエイゴールド、100%ホエイプロテイン + プレミアムホエイプロテインアイソレート、クッキー＆クリーム、5ポンド (2.27 kg)",https://jp.iherb.com/pr/ALLMAX-Nutrition-AllWhey-Gold-100-Whey-Protein-Premium-Whey-Protein-Isolate-Cookies-Cream-5-lbs-2-27-kg/67628,0,0,100,Not Found
protein	,"ALLMAX Nutrition, オールホエイ・クラシック、100%ホエイプロテイン、チョコレート、5ポンド (2.27 kg)",https://jp.iherb.com/pr/ALLMAX-Nutrition-AllWhey-Classic-100-Whey-Protein-Chocolate-5-lbs-2-27-kg/69100,0,0,100,Not Found
protein	,"ALLMAX Nutrition, オールホエイ・ゴールド、100%ホエイプロテイン + プレミアム・ホエイプロテインアイソレート、チョコレートピーナッツバター、5ポンド (2.27 kg)",https://jp.iherb.com/pr/ALLMAX-Nutrition-AllWhey-Gold-100-Whey-Protein-Premium-Whey-Protein-Isolate-Chocolate-Peanut-Butter-5-lbs-2-27-kg/67630,0,0,100,Not Found
